-- phpMyAdmin SQL Dump
-- version 5.2.1
-- https://www.phpmyadmin.net/
--
-- Host: 127.0.0.1
-- Generation Time: Jan 04, 2025 at 05:28 AM
-- Server version: 10.4.28-MariaDB
-- PHP Version: 8.2.4

SET SQL_MODE = "NO_AUTO_VALUE_ON_ZERO";
START TRANSACTION;
SET time_zone = "+00:00";


/*!40101 SET @OLD_CHARACTER_SET_CLIENT=@@CHARACTER_SET_CLIENT */;
/*!40101 SET @OLD_CHARACTER_SET_RESULTS=@@CHARACTER_SET_RESULTS */;
/*!40101 SET @OLD_COLLATION_CONNECTION=@@COLLATION_CONNECTION */;
/*!40101 SET NAMES utf8mb4 */;

--
-- Database: `do_an_nhom_6`
--

-- --------------------------------------------------------

--
-- Table structure for table `admin`
--

CREATE TABLE `admin` (
  `id_admin` int(11) NOT NULL,
  `id_nguoidung` int(11) NOT NULL,
  `ten_admin` varchar(255) NOT NULL
) ENGINE=InnoDB DEFAULT CHARSET=utf8mb4 COLLATE=utf8mb4_unicode_ci;

-- --------------------------------------------------------

--
-- Table structure for table `baihoc`
--

CREATE TABLE `baihoc` (
  `id_baihoc` int(11) NOT NULL,
  `id_monhoc` int(11) NOT NULL,
  `ten_baihoc` varchar(255) NOT NULL,
  `mo_ta` text DEFAULT NULL,
  `thoi_luong` int(11) DEFAULT 0,
  `id_file` int(11) DEFAULT NULL,
  `thu_tu` int(11) DEFAULT 1,
  `trang_thai` enum('draft','published') DEFAULT 'published'
) ENGINE=InnoDB DEFAULT CHARSET=utf8mb4 COLLATE=utf8mb4_unicode_ci;

--
-- Dumping data for table `baihoc`
--

INSERT INTO `baihoc` (`id_baihoc`, `id_monhoc`, `ten_baihoc`, `mo_ta`, `thoi_luong`, `id_file`, `thu_tu`, `trang_thai`) VALUES
(1, 11, 'Cung và Cầu', 'Giới thiệu về quy luật cung cầu trong kinh tế', 3600, 70, 1, 'published'),
(2, 11, 'Hành vi người tiêu dùng', 'Phân tích hành vi người tiêu dùng', 3600, 71, 2, 'published'),
(3, 11, 'Lý thuyết sản xuất', 'Các nguyên lý cơ bản về sản xuất', 3600, 72, 3, 'published'),
(4, 12, 'Quản trị nhân sự', 'Nguyên tắc quản lý nguồn nhân lực', 3600, 73, 1, 'published'),
(5, 12, 'Chiến lược kinh doanh', 'Xây dựng và phát triển chiến lược', 3600, 74, 2, 'published'),
(6, 12, 'Quản trị tài chính', 'Quản lý tài chính doanh nghiệp', 3600, 75, 3, 'published'),
(7, 14, 'Marketing căn bản', 'Các khái niệm cơ bản về marketing', 3600, 76, 1, 'published'),
(8, 14, 'Nghiên cứu thị trường', 'Phương pháp nghiên cứu thị trường', 3600, 77, 2, 'published'),
(9, 14, 'Chiến lược marketing', 'Xây dựng chiến lược marketing', 3600, 78, 3, 'published'),
(10, 15, 'Hệ thống ngân hàng', 'Cấu trúc hệ thống ngân hàng', 3600, 79, 1, 'published'),
(11, 15, 'Nghiệp vụ ngân hàng', 'Các nghiệp vụ cơ bản', 3600, 80, 2, 'published'),
(12, 15, 'Quản trị rủi ro', 'Quản lý rủi ro trong ngân hàng', 3600, 81, 3, 'published');

-- --------------------------------------------------------

--
-- Table structure for table `cache`
--

CREATE TABLE `cache` (
  `key` varchar(255) NOT NULL,
  `value` mediumtext NOT NULL,
  `expiration` int(11) NOT NULL
) ENGINE=InnoDB DEFAULT CHARSET=utf8mb4 COLLATE=utf8mb4_unicode_ci;

-- --------------------------------------------------------

--
-- Table structure for table `cache_locks`
--

CREATE TABLE `cache_locks` (
  `key` varchar(255) NOT NULL,
  `owner` varchar(255) NOT NULL,
  `expiration` int(11) NOT NULL
) ENGINE=InnoDB DEFAULT CHARSET=utf8mb4 COLLATE=utf8mb4_unicode_ci;

-- --------------------------------------------------------

--
-- Table structure for table `chitietchuyennganh`
--

CREATE TABLE `chitietchuyennganh` (
  `id_chitiet` int(11) NOT NULL,
  `id_chuyennganh` int(11) NOT NULL,
  `id_monhoc` int(11) NOT NULL
) ENGINE=InnoDB DEFAULT CHARSET=utf8mb4 COLLATE=utf8mb4_unicode_ci;

--
-- Dumping data for table `chitietchuyennganh`
--

INSERT INTO `chitietchuyennganh` (`id_chitiet`, `id_chuyennganh`, `id_monhoc`) VALUES
(1, 1, 1),
(2, 1, 2),
(3, 1, 3),
(4, 1, 4),
(5, 1, 5),
(6, 1, 6),
(7, 1, 7),
(8, 1, 8),
(9, 1, 9),
(10, 1, 10),
(11, 1, 11),
(12, 1, 12),
(13, 1, 13),
(14, 1, 14),
(15, 1, 15),
(16, 1, 16),
(17, 1, 17),
(18, 1, 18),
(19, 1, 19),
(20, 1, 20),
(21, 1, 21),
(22, 1, 22),
(23, 1, 23),
(24, 1, 24),
(25, 1, 25),
(26, 1, 26),
(27, 1, 27),
(28, 1, 28),
(29, 1, 29),
(30, 1, 30),
(31, 1, 31),
(32, 1, 32),
(33, 1, 33),
(34, 1, 34),
(35, 1, 35),
(36, 1, 36),
(37, 1, 37),
(38, 1, 38),
(39, 1, 39),
(40, 1, 40),
(81, 1, 1),
(82, 1, 2),
(83, 1, 3),
(84, 1, 4),
(85, 1, 5),
(86, 1, 6),
(87, 1, 7),
(88, 1, 8),
(89, 1, 9),
(90, 1, 10),
(91, 1, 11),
(92, 1, 12),
(93, 1, 13),
(94, 1, 14),
(95, 1, 15),
(96, 1, 16),
(97, 1, 17),
(98, 1, 18),
(99, 1, 19),
(100, 1, 20),
(101, 1, 21),
(102, 1, 22),
(103, 1, 23),
(104, 1, 24),
(105, 1, 25),
(106, 1, 26),
(107, 1, 27),
(108, 1, 28),
(109, 1, 29),
(110, 1, 30),
(111, 1, 31),
(112, 1, 32),
(113, 1, 33),
(114, 1, 34),
(115, 1, 35),
(116, 1, 36),
(117, 1, 37),
(118, 1, 38),
(119, 1, 39),
(120, 1, 40),
(121, 2, 11),
(122, 2, 12),
(123, 2, 13),
(124, 2, 14),
(125, 2, 15),
(126, 2, 16),
(127, 2, 17),
(128, 2, 18),
(129, 2, 19),
(130, 2, 20),
(131, 2, 21),
(132, 2, 22),
(133, 2, 23),
(134, 2, 24),
(135, 2, 25),
(136, 2, 26),
(137, 2, 27),
(138, 2, 28),
(139, 2, 29),
(140, 2, 30),
(141, 2, 31),
(142, 2, 32),
(143, 2, 33),
(144, 2, 34),
(145, 2, 35),
(146, 2, 36),
(147, 2, 37),
(148, 2, 38),
(149, 2, 39),
(150, 2, 40),
(151, 2, 41),
(152, 2, 42),
(153, 2, 43),
(161, 3, 21),
(162, 3, 22),
(163, 3, 23),
(164, 3, 24),
(165, 3, 25),
(166, 3, 26),
(167, 3, 27),
(168, 3, 28),
(169, 3, 29),
(170, 3, 30),
(171, 3, 31),
(172, 3, 32),
(173, 3, 33),
(174, 3, 34),
(175, 3, 35),
(176, 3, 36),
(177, 3, 37),
(178, 3, 38),
(179, 3, 39),
(180, 3, 40),
(181, 3, 41),
(182, 3, 42),
(183, 3, 43),
(191, 4, 31),
(192, 4, 32),
(193, 4, 33),
(194, 4, 34),
(195, 4, 35),
(196, 4, 36),
(197, 4, 37),
(198, 4, 38),
(199, 4, 39),
(200, 4, 40),
(201, 4, 41),
(202, 4, 42),
(203, 4, 43),
(221, 5, 41),
(222, 5, 42),
(223, 5, 43);

-- --------------------------------------------------------

--
-- Table structure for table `chitiethocphi`
--

CREATE TABLE `chitiethocphi` (
  `id_chitiethocphi` int(11) NOT NULL,
  `id_hocphi` int(11) NOT NULL,
  `id_monhoc` int(11) DEFAULT NULL,
  `ten_khoan_phi` varchar(255) NOT NULL,
  `so_tien` decimal(10,2) NOT NULL,
  `id_mien_giam` int(11) DEFAULT NULL,
  `ngay_ap_dung` datetime DEFAULT current_timestamp()
) ENGINE=InnoDB DEFAULT CHARSET=utf8mb4 COLLATE=utf8mb4_unicode_ci;

--
-- Dumping data for table `chitiethocphi`
--

INSERT INTO `chitiethocphi` (`id_chitiethocphi`, `id_hocphi`, `id_monhoc`, `ten_khoan_phi`, `so_tien`, `id_mien_giam`, `ngay_ap_dung`) VALUES
(31, 190, 1, 'Học phí môn Lập Trình C', 900000.00, NULL, '2024-12-25 23:52:41'),
(32, 191, 1, 'Học phí môn Lập Trình C', 900000.00, NULL, '2024-12-25 23:52:41'),
(33, 192, 1, 'Học phí môn Lập Trình C', 900000.00, NULL, '2024-12-25 23:52:41'),
(34, 193, 1, 'Học phí môn Lập Trình C', 900000.00, NULL, '2024-12-25 23:52:41'),
(35, 194, 1, 'Học phí môn Lập Trình C', 900000.00, NULL, '2024-12-25 23:52:41'),
(36, 195, 1, 'Học phí môn Lập Trình C', 900000.00, NULL, '2024-12-25 23:52:41'),
(37, 196, 1, 'Học phí môn Lập Trình C', 900000.00, NULL, '2024-12-25 23:52:41'),
(38, 197, 1, 'Học phí môn Lập Trình C', 900000.00, NULL, '2024-12-25 23:52:41'),
(39, 198, 1, 'Học phí môn Lập Trình C', 900000.00, NULL, '2024-12-25 23:52:41'),
(40, 199, 1, 'Học phí môn Lập Trình C', 900000.00, NULL, '2024-12-25 23:52:41'),
(41, 200, 1, 'Học phí môn Lập Trình C', 900000.00, NULL, '2024-12-25 23:52:41'),
(42, 201, 1, 'Học phí môn Lập Trình C', 900000.00, NULL, '2024-12-25 23:52:41'),
(43, 202, 1, 'Học phí môn Lập Trình C', 900000.00, NULL, '2024-12-25 23:52:41'),
(44, 203, 1, 'Học phí môn Lập Trình C', 900000.00, NULL, '2024-12-25 23:52:41'),
(45, 204, 1, 'Học phí môn Lập Trình C', 900000.00, NULL, '2024-12-25 23:52:41'),
(46, 205, 1, 'Học phí môn Lập Trình C', 900000.00, NULL, '2024-12-25 23:52:41'),
(47, 206, 1, 'Học phí môn Lập Trình C', 900000.00, NULL, '2024-12-25 23:52:41'),
(48, 207, 1, 'Học phí môn Lập Trình C', 900000.00, NULL, '2024-12-25 23:52:41'),
(49, 208, 1, 'Học phí môn Lập Trình C', 900000.00, NULL, '2024-12-25 23:52:41'),
(50, 209, 1, 'Học phí môn Lập Trình C', 900000.00, NULL, '2024-12-25 23:52:41'),
(51, 210, 1, 'Học phí môn Lập Trình C', 900000.00, NULL, '2024-12-25 23:52:41'),
(52, 211, 1, 'Học phí môn Lập Trình C', 900000.00, NULL, '2024-12-25 23:52:41'),
(53, 212, 1, 'Học phí môn Lập Trình C', 900000.00, NULL, '2024-12-25 23:52:41'),
(54, 213, 1, 'Học phí môn Lập Trình C', 900000.00, NULL, '2024-12-25 23:52:41'),
(55, 214, 1, 'Học phí môn Lập Trình C', 900000.00, NULL, '2024-12-25 23:52:41'),
(56, 215, 1, 'Học phí môn Lập Trình C', 900000.00, NULL, '2024-12-25 23:52:41'),
(57, 216, 1, 'Học phí môn Lập Trình C', 900000.00, NULL, '2024-12-25 23:52:41'),
(58, 217, 1, 'Học phí môn Lập Trình C', 900000.00, NULL, '2024-12-25 23:52:41'),
(59, 218, 1, 'Học phí môn Lập Trình C', 900000.00, NULL, '2024-12-25 23:52:41'),
(60, 219, 1, 'Học phí môn Lập Trình C', 900000.00, NULL, '2024-12-25 23:52:41'),
(92, 191, 2, 'Học phí môn Cấu Trúc Dữ Liệu', 1200000.00, NULL, '2024-12-25 23:52:41'),
(93, 192, 2, 'Học phí môn Cấu Trúc Dữ Liệu', 1200000.00, NULL, '2024-12-25 23:52:41'),
(95, 194, 2, 'Học phí môn Cấu Trúc Dữ Liệu', 1200000.00, NULL, '2024-12-25 23:52:41'),
(96, 195, 2, 'Học phí môn Cấu Trúc Dữ Liệu', 1200000.00, NULL, '2024-12-25 23:52:41'),
(97, 196, 2, 'Học phí môn Cấu Trúc Dữ Liệu', 1200000.00, NULL, '2024-12-25 23:52:41'),
(98, 197, 2, 'Học phí môn Cấu Trúc Dữ Liệu', 1200000.00, NULL, '2024-12-25 23:52:41'),
(99, 198, 2, 'Học phí môn Cấu Trúc Dữ Liệu', 1200000.00, NULL, '2024-12-25 23:52:41'),
(101, 200, 2, 'Học phí môn Cấu Trúc Dữ Liệu', 1200000.00, NULL, '2024-12-25 23:52:41'),
(102, 201, 2, 'Học phí môn Cấu Trúc Dữ Liệu', 1200000.00, NULL, '2024-12-25 23:52:41'),
(103, 202, 2, 'Học phí môn Cấu Trúc Dữ Liệu', 1200000.00, NULL, '2024-12-25 23:52:41'),
(104, 203, 2, 'Học phí môn Cấu Trúc Dữ Liệu', 1200000.00, NULL, '2024-12-25 23:52:41'),
(105, 204, 2, 'Học phí môn Cấu Trúc Dữ Liệu', 1200000.00, NULL, '2024-12-25 23:52:41'),
(106, 205, 2, 'Học phí môn Cấu Trúc Dữ Liệu', 1200000.00, NULL, '2024-12-25 23:52:41'),
(107, 206, 2, 'Học phí môn Cấu Trúc Dữ Liệu', 1200000.00, NULL, '2024-12-25 23:52:41'),
(108, 207, 2, 'Học phí môn Cấu Trúc Dữ Liệu', 1200000.00, NULL, '2024-12-25 23:52:41'),
(109, 208, 2, 'Học phí môn Cấu Trúc Dữ Liệu', 1200000.00, NULL, '2024-12-25 23:52:41'),
(110, 209, 2, 'Học phí môn Cấu Trúc Dữ Liệu', 1200000.00, NULL, '2024-12-25 23:52:41'),
(111, 210, 2, 'Học phí môn Cấu Trúc Dữ Liệu', 1200000.00, NULL, '2024-12-25 23:52:41'),
(112, 211, 2, 'Học phí môn Cấu Trúc Dữ Liệu', 1200000.00, NULL, '2024-12-25 23:52:41'),
(113, 212, 2, 'Học phí môn Cấu Trúc Dữ Liệu', 1200000.00, NULL, '2024-12-25 23:52:41'),
(114, 213, 2, 'Học phí môn Cấu Trúc Dữ Liệu', 1200000.00, NULL, '2024-12-25 23:52:41'),
(115, 214, 2, 'Học phí môn Cấu Trúc Dữ Liệu', 1200000.00, NULL, '2024-12-25 23:52:41'),
(116, 215, 2, 'Học phí môn Cấu Trúc Dữ Liệu', 1200000.00, NULL, '2024-12-25 23:52:41'),
(117, 216, 2, 'Học phí môn Cấu Trúc Dữ Liệu', 1200000.00, NULL, '2024-12-25 23:52:41'),
(118, 217, 2, 'Học phí môn Cấu Trúc Dữ Liệu', 1200000.00, NULL, '2024-12-25 23:52:41'),
(119, 218, 2, 'Học phí môn Cấu Trúc Dữ Liệu', 1200000.00, NULL, '2024-12-25 23:52:41'),
(120, 219, 2, 'Học phí môn Cấu Trúc Dữ Liệu', 1200000.00, NULL, '2024-12-25 23:52:41'),
(151, 190, 3, 'Học phí môn Hệ Điều Hành', 900000.00, NULL, '2024-12-25 23:52:41'),
(152, 191, 3, 'Học phí môn Hệ Điều Hành', 900000.00, NULL, '2024-12-25 23:52:41'),
(153, 192, 3, 'Học phí môn Hệ Điều Hành', 900000.00, NULL, '2024-12-25 23:52:41'),
(154, 193, 3, 'Học phí môn Hệ Điều Hành', 900000.00, NULL, '2024-12-25 23:52:41'),
(155, 194, 3, 'Học phí môn Hệ Điều Hành', 900000.00, NULL, '2024-12-25 23:52:41'),
(156, 195, 3, 'Học phí môn Hệ Điều Hành', 900000.00, NULL, '2024-12-25 23:52:41'),
(157, 196, 3, 'Học phí môn Hệ Điều Hành', 900000.00, NULL, '2024-12-25 23:52:41'),
(158, 197, 3, 'Học phí môn Hệ Điều Hành', 900000.00, NULL, '2024-12-25 23:52:41'),
(159, 198, 3, 'Học phí môn Hệ Điều Hành', 900000.00, NULL, '2024-12-25 23:52:41'),
(160, 199, 3, 'Học phí môn Hệ Điều Hành', 900000.00, NULL, '2024-12-25 23:52:41'),
(161, 200, 3, 'Học phí môn Hệ Điều Hành', 900000.00, NULL, '2024-12-25 23:52:41'),
(162, 201, 3, 'Học phí môn Hệ Điều Hành', 900000.00, NULL, '2024-12-25 23:52:41'),
(163, 202, 3, 'Học phí môn Hệ Điều Hành', 900000.00, NULL, '2024-12-25 23:52:41'),
(164, 203, 3, 'Học phí môn Hệ Điều Hành', 900000.00, NULL, '2024-12-25 23:52:41'),
(165, 204, 3, 'Học phí môn Hệ Điều Hành', 900000.00, NULL, '2024-12-25 23:52:41'),
(166, 205, 3, 'Học phí môn Hệ Điều Hành', 900000.00, NULL, '2024-12-25 23:52:41'),
(167, 206, 3, 'Học phí môn Hệ Điều Hành', 900000.00, NULL, '2024-12-25 23:52:41'),
(168, 207, 3, 'Học phí môn Hệ Điều Hành', 900000.00, NULL, '2024-12-25 23:52:41'),
(169, 208, 3, 'Học phí môn Hệ Điều Hành', 900000.00, NULL, '2024-12-25 23:52:41'),
(170, 209, 3, 'Học phí môn Hệ Điều Hành', 900000.00, NULL, '2024-12-25 23:52:41'),
(171, 210, 3, 'Học phí môn Hệ Điều Hành', 900000.00, NULL, '2024-12-25 23:52:41'),
(172, 211, 3, 'Học phí môn Hệ Điều Hành', 900000.00, NULL, '2024-12-25 23:52:41'),
(173, 212, 3, 'Học phí môn Hệ Điều Hành', 900000.00, NULL, '2024-12-25 23:52:41'),
(174, 213, 3, 'Học phí môn Hệ Điều Hành', 900000.00, NULL, '2024-12-25 23:52:41'),
(175, 214, 3, 'Học phí môn Hệ Điều Hành', 900000.00, NULL, '2024-12-25 23:52:41'),
(176, 215, 3, 'Học phí môn Hệ Điều Hành', 900000.00, NULL, '2024-12-25 23:52:41'),
(177, 216, 3, 'Học phí môn Hệ Điều Hành', 900000.00, NULL, '2024-12-25 23:52:41'),
(178, 217, 3, 'Học phí môn Hệ Điều Hành', 900000.00, NULL, '2024-12-25 23:52:41'),
(179, 218, 3, 'Học phí môn Hệ Điều Hành', 900000.00, NULL, '2024-12-25 23:52:41'),
(180, 219, 3, 'Học phí môn Hệ Điều Hành', 900000.00, NULL, '2024-12-25 23:52:41'),
(211, 190, 4, 'Học phí môn Mạng Máy Tính', 1200000.00, NULL, '2024-12-25 23:52:41'),
(212, 191, 4, 'Học phí môn Mạng Máy Tính', 1200000.00, NULL, '2024-12-25 23:52:41'),
(213, 192, 4, 'Học phí môn Mạng Máy Tính', 1200000.00, NULL, '2024-12-25 23:52:41'),
(214, 193, 4, 'Học phí môn Mạng Máy Tính', 1200000.00, NULL, '2024-12-25 23:52:41'),
(215, 194, 4, 'Học phí môn Mạng Máy Tính', 1200000.00, NULL, '2024-12-25 23:52:41'),
(216, 195, 4, 'Học phí môn Mạng Máy Tính', 1200000.00, NULL, '2024-12-25 23:52:41'),
(217, 196, 4, 'Học phí môn Mạng Máy Tính', 1200000.00, NULL, '2024-12-25 23:52:41'),
(218, 197, 4, 'Học phí môn Mạng Máy Tính', 1200000.00, NULL, '2024-12-25 23:52:41'),
(219, 198, 4, 'Học phí môn Mạng Máy Tính', 1200000.00, NULL, '2024-12-25 23:52:41'),
(220, 199, 4, 'Học phí môn Mạng Máy Tính', 1200000.00, NULL, '2024-12-25 23:52:41'),
(221, 200, 4, 'Học phí môn Mạng Máy Tính', 1200000.00, NULL, '2024-12-25 23:52:41'),
(222, 201, 4, 'Học phí môn Mạng Máy Tính', 1200000.00, NULL, '2024-12-25 23:52:41'),
(223, 202, 4, 'Học phí môn Mạng Máy Tính', 1200000.00, NULL, '2024-12-25 23:52:41'),
(224, 203, 4, 'Học phí môn Mạng Máy Tính', 1200000.00, NULL, '2024-12-25 23:52:41'),
(225, 204, 4, 'Học phí môn Mạng Máy Tính', 1200000.00, NULL, '2024-12-25 23:52:41'),
(226, 205, 4, 'Học phí môn Mạng Máy Tính', 1200000.00, NULL, '2024-12-25 23:52:41'),
(227, 206, 4, 'Học phí môn Mạng Máy Tính', 1200000.00, NULL, '2024-12-25 23:52:41'),
(228, 207, 4, 'Học phí môn Mạng Máy Tính', 1200000.00, NULL, '2024-12-25 23:52:41'),
(229, 208, 4, 'Học phí môn Mạng Máy Tính', 1200000.00, NULL, '2024-12-25 23:52:41'),
(230, 209, 4, 'Học phí môn Mạng Máy Tính', 1200000.00, NULL, '2024-12-25 23:52:41'),
(231, 210, 4, 'Học phí môn Mạng Máy Tính', 1200000.00, NULL, '2024-12-25 23:52:41'),
(232, 211, 4, 'Học phí môn Mạng Máy Tính', 1200000.00, NULL, '2024-12-25 23:52:41'),
(233, 212, 4, 'Học phí môn Mạng Máy Tính', 1200000.00, NULL, '2024-12-25 23:52:41'),
(234, 213, 4, 'Học phí môn Mạng Máy Tính', 1200000.00, NULL, '2024-12-25 23:52:41'),
(235, 214, 4, 'Học phí môn Mạng Máy Tính', 1200000.00, NULL, '2024-12-25 23:52:41'),
(236, 215, 4, 'Học phí môn Mạng Máy Tính', 1200000.00, NULL, '2024-12-25 23:52:41'),
(237, 216, 4, 'Học phí môn Mạng Máy Tính', 1200000.00, NULL, '2024-12-25 23:52:41'),
(238, 217, 4, 'Học phí môn Mạng Máy Tính', 1200000.00, NULL, '2024-12-25 23:52:41'),
(239, 218, 4, 'Học phí môn Mạng Máy Tính', 1200000.00, NULL, '2024-12-25 23:52:41'),
(240, 219, 4, 'Học phí môn Mạng Máy Tính', 1200000.00, NULL, '2024-12-25 23:52:41'),
(271, 190, 5, 'Học phí môn Kỹ Thuật Phần Mềm', 900000.00, NULL, '2024-12-25 23:52:41'),
(272, 191, 5, 'Học phí môn Kỹ Thuật Phần Mềm', 900000.00, NULL, '2024-12-25 23:52:41'),
(273, 192, 5, 'Học phí môn Kỹ Thuật Phần Mềm', 900000.00, NULL, '2024-12-25 23:52:41'),
(274, 193, 5, 'Học phí môn Kỹ Thuật Phần Mềm', 900000.00, NULL, '2024-12-25 23:52:41'),
(275, 194, 5, 'Học phí môn Kỹ Thuật Phần Mềm', 900000.00, NULL, '2024-12-25 23:52:41'),
(276, 195, 5, 'Học phí môn Kỹ Thuật Phần Mềm', 900000.00, NULL, '2024-12-25 23:52:41'),
(277, 196, 5, 'Học phí môn Kỹ Thuật Phần Mềm', 900000.00, NULL, '2024-12-25 23:52:41'),
(278, 197, 5, 'Học phí môn Kỹ Thuật Phần Mềm', 900000.00, NULL, '2024-12-25 23:52:41'),
(279, 198, 5, 'Học phí môn Kỹ Thuật Phần Mềm', 900000.00, NULL, '2024-12-25 23:52:41'),
(280, 199, 5, 'Học phí môn Kỹ Thuật Phần Mềm', 900000.00, NULL, '2024-12-25 23:52:41'),
(281, 200, 5, 'Học phí môn Kỹ Thuật Phần Mềm', 900000.00, NULL, '2024-12-25 23:52:41'),
(282, 201, 5, 'Học phí môn Kỹ Thuật Phần Mềm', 900000.00, NULL, '2024-12-25 23:52:41'),
(283, 202, 5, 'Học phí môn Kỹ Thuật Phần Mềm', 900000.00, NULL, '2024-12-25 23:52:41'),
(284, 203, 5, 'Học phí môn Kỹ Thuật Phần Mềm', 900000.00, NULL, '2024-12-25 23:52:41'),
(285, 204, 5, 'Học phí môn Kỹ Thuật Phần Mềm', 900000.00, NULL, '2024-12-25 23:52:41'),
(286, 205, 5, 'Học phí môn Kỹ Thuật Phần Mềm', 900000.00, NULL, '2024-12-25 23:52:41'),
(287, 206, 5, 'Học phí môn Kỹ Thuật Phần Mềm', 900000.00, NULL, '2024-12-25 23:52:41'),
(288, 207, 5, 'Học phí môn Kỹ Thuật Phần Mềm', 900000.00, NULL, '2024-12-25 23:52:41'),
(289, 208, 5, 'Học phí môn Kỹ Thuật Phần Mềm', 900000.00, NULL, '2024-12-25 23:52:41'),
(290, 209, 5, 'Học phí môn Kỹ Thuật Phần Mềm', 900000.00, NULL, '2024-12-25 23:52:41'),
(291, 210, 5, 'Học phí môn Kỹ Thuật Phần Mềm', 900000.00, NULL, '2024-12-25 23:52:41'),
(292, 211, 5, 'Học phí môn Kỹ Thuật Phần Mềm', 900000.00, NULL, '2024-12-25 23:52:41'),
(293, 212, 5, 'Học phí môn Kỹ Thuật Phần Mềm', 900000.00, NULL, '2024-12-25 23:52:41'),
(294, 213, 5, 'Học phí môn Kỹ Thuật Phần Mềm', 900000.00, NULL, '2024-12-25 23:52:41'),
(295, 214, 5, 'Học phí môn Kỹ Thuật Phần Mềm', 900000.00, NULL, '2024-12-25 23:52:41'),
(296, 215, 5, 'Học phí môn Kỹ Thuật Phần Mềm', 900000.00, NULL, '2024-12-25 23:52:41'),
(297, 216, 5, 'Học phí môn Kỹ Thuật Phần Mềm', 900000.00, NULL, '2024-12-25 23:52:41'),
(298, 217, 5, 'Học phí môn Kỹ Thuật Phần Mềm', 900000.00, NULL, '2024-12-25 23:52:41'),
(299, 218, 5, 'Học phí môn Kỹ Thuật Phần Mềm', 900000.00, NULL, '2024-12-25 23:52:41'),
(300, 219, 5, 'Học phí môn Kỹ Thuật Phần Mềm', 900000.00, NULL, '2024-12-25 23:52:41'),
(331, 190, 6, 'Học phí môn An Toàn Thông Tin', 600000.00, NULL, '2024-12-25 23:52:41'),
(332, 191, 6, 'Học phí môn An Toàn Thông Tin', 600000.00, NULL, '2024-12-25 23:52:41'),
(333, 192, 6, 'Học phí môn An Toàn Thông Tin', 600000.00, NULL, '2024-12-25 23:52:41'),
(334, 193, 6, 'Học phí môn An Toàn Thông Tin', 600000.00, NULL, '2024-12-25 23:52:41'),
(335, 194, 6, 'Học phí môn An Toàn Thông Tin', 600000.00, NULL, '2024-12-25 23:52:41'),
(336, 195, 6, 'Học phí môn An Toàn Thông Tin', 600000.00, NULL, '2024-12-25 23:52:41'),
(337, 196, 6, 'Học phí môn An Toàn Thông Tin', 600000.00, NULL, '2024-12-25 23:52:41'),
(338, 197, 6, 'Học phí môn An Toàn Thông Tin', 600000.00, NULL, '2024-12-25 23:52:41'),
(339, 198, 6, 'Học phí môn An Toàn Thông Tin', 600000.00, NULL, '2024-12-25 23:52:41'),
(340, 199, 6, 'Học phí môn An Toàn Thông Tin', 600000.00, 3, '2024-12-25 23:52:41'),
(341, 200, 6, 'Học phí môn An Toàn Thông Tin', 600000.00, NULL, '2024-12-25 23:52:41'),
(342, 201, 6, 'Học phí môn An Toàn Thông Tin', 600000.00, NULL, '2024-12-25 23:52:41'),
(343, 202, 6, 'Học phí môn An Toàn Thông Tin', 600000.00, NULL, '2024-12-25 23:52:41'),
(345, 204, 6, 'Học phí môn An Toàn Thông Tin', 600000.00, NULL, '2024-12-25 23:52:41'),
(346, 205, 6, 'Học phí môn An Toàn Thông Tin', 600000.00, NULL, '2024-12-25 23:52:41'),
(347, 206, 6, 'Học phí môn An Toàn Thông Tin', 600000.00, NULL, '2024-12-25 23:52:41'),
(348, 207, 6, 'Học phí môn An Toàn Thông Tin', 600000.00, NULL, '2024-12-25 23:52:41'),
(349, 208, 6, 'Học phí môn An Toàn Thông Tin', 600000.00, NULL, '2024-12-25 23:52:41'),
(350, 209, 6, 'Học phí môn An Toàn Thông Tin', 600000.00, NULL, '2024-12-25 23:52:41'),
(351, 210, 6, 'Học phí môn An Toàn Thông Tin', 600000.00, NULL, '2024-12-25 23:52:41'),
(352, 211, 6, 'Học phí môn An Toàn Thông Tin', 600000.00, NULL, '2024-12-25 23:52:41'),
(353, 212, 6, 'Học phí môn An Toàn Thông Tin', 600000.00, NULL, '2024-12-25 23:52:41'),
(354, 213, 6, 'Học phí môn An Toàn Thông Tin', 600000.00, NULL, '2024-12-25 23:52:41'),
(356, 215, 6, 'Học phí môn An Toàn Thông Tin', 600000.00, NULL, '2024-12-25 23:52:41'),
(359, 218, 6, 'Học phí môn An Toàn Thông Tin', 600000.00, NULL, '2024-12-25 23:52:41'),
(360, 219, 6, 'Học phí môn An Toàn Thông Tin', 600000.00, NULL, '2024-12-25 23:52:41'),
(391, 190, 7, 'Học phí môn Giải Thuật', 1200000.00, NULL, '2024-12-25 23:52:41'),
(392, 191, 7, 'Học phí môn Giải Thuật', 1200000.00, NULL, '2024-12-25 23:52:41'),
(393, 192, 7, 'Học phí môn Giải Thuật', 1200000.00, NULL, '2024-12-25 23:52:41'),
(394, 193, 7, 'Học phí môn Giải Thuật', 1200000.00, NULL, '2024-12-25 23:52:41'),
(395, 194, 7, 'Học phí môn Giải Thuật', 1200000.00, NULL, '2024-12-25 23:52:41'),
(396, 195, 7, 'Học phí môn Giải Thuật', 1200000.00, NULL, '2024-12-25 23:52:41'),
(397, 196, 7, 'Học phí môn Giải Thuật', 1200000.00, NULL, '2024-12-25 23:52:41'),
(398, 197, 7, 'Học phí môn Giải Thuật', 1200000.00, NULL, '2024-12-25 23:52:41'),
(399, 198, 7, 'Học phí môn Giải Thuật', 1200000.00, NULL, '2024-12-25 23:52:41'),
(400, 199, 7, 'Học phí môn Giải Thuật', 1200000.00, NULL, '2024-12-25 23:52:41'),
(401, 200, 7, 'Học phí môn Giải Thuật', 1200000.00, NULL, '2024-12-25 23:52:41'),
(402, 201, 7, 'Học phí môn Giải Thuật', 1200000.00, NULL, '2024-12-25 23:52:41'),
(403, 202, 7, 'Học phí môn Giải Thuật', 1200000.00, NULL, '2024-12-25 23:52:41'),
(404, 203, 7, 'Học phí môn Giải Thuật', 1200000.00, NULL, '2024-12-25 23:52:41'),
(405, 204, 7, 'Học phí môn Giải Thuật', 1200000.00, NULL, '2024-12-25 23:52:41'),
(406, 205, 7, 'Học phí môn Giải Thuật', 1200000.00, NULL, '2024-12-25 23:52:41'),
(407, 206, 7, 'Học phí môn Giải Thuật', 1200000.00, NULL, '2024-12-25 23:52:41'),
(408, 207, 7, 'Học phí môn Giải Thuật', 1200000.00, NULL, '2024-12-25 23:52:41'),
(409, 208, 7, 'Học phí môn Giải Thuật', 1200000.00, NULL, '2024-12-25 23:52:41'),
(410, 209, 7, 'Học phí môn Giải Thuật', 1200000.00, NULL, '2024-12-25 23:52:41'),
(411, 210, 7, 'Học phí môn Giải Thuật', 1200000.00, NULL, '2024-12-25 23:52:41'),
(412, 211, 7, 'Học phí môn Giải Thuật', 1200000.00, NULL, '2024-12-25 23:52:41'),
(413, 212, 7, 'Học phí môn Giải Thuật', 1200000.00, NULL, '2024-12-25 23:52:41'),
(414, 213, 7, 'Học phí môn Giải Thuật', 1200000.00, NULL, '2024-12-25 23:52:41'),
(415, 214, 7, 'Học phí môn Giải Thuật', 1200000.00, NULL, '2024-12-25 23:52:41'),
(416, 215, 7, 'Học phí môn Giải Thuật', 1200000.00, NULL, '2024-12-25 23:52:41'),
(417, 216, 7, 'Học phí môn Giải Thuật', 1200000.00, NULL, '2024-12-25 23:52:41'),
(418, 217, 7, 'Học phí môn Giải Thuật', 1200000.00, NULL, '2024-12-25 23:52:41'),
(419, 218, 7, 'Học phí môn Giải Thuật', 1200000.00, NULL, '2024-12-25 23:52:41'),
(420, 219, 7, 'Học phí môn Giải Thuật', 1200000.00, NULL, '2024-12-25 23:52:41'),
(451, 190, 8, 'Học phí môn Khoa Học Dữ Liệu', 1200000.00, NULL, '2024-12-25 23:52:41'),
(452, 191, 8, 'Học phí môn Khoa Học Dữ Liệu', 1200000.00, NULL, '2024-12-25 23:52:41'),
(453, 192, 8, 'Học phí môn Khoa Học Dữ Liệu', 1200000.00, NULL, '2024-12-25 23:52:41'),
(454, 193, 8, 'Học phí môn Khoa Học Dữ Liệu', 1200000.00, NULL, '2024-12-25 23:52:41'),
(455, 194, 8, 'Học phí môn Khoa Học Dữ Liệu', 1200000.00, NULL, '2024-12-25 23:52:41'),
(456, 195, 8, 'Học phí môn Khoa Học Dữ Liệu', 1200000.00, NULL, '2024-12-25 23:52:41'),
(457, 196, 8, 'Học phí môn Khoa Học Dữ Liệu', 1200000.00, NULL, '2024-12-25 23:52:41'),
(458, 197, 8, 'Học phí môn Khoa Học Dữ Liệu', 1200000.00, NULL, '2024-12-25 23:52:41'),
(459, 198, 8, 'Học phí môn Khoa Học Dữ Liệu', 1200000.00, NULL, '2024-12-25 23:52:41'),
(460, 199, 8, 'Học phí môn Khoa Học Dữ Liệu', 1200000.00, NULL, '2024-12-25 23:52:41'),
(461, 200, 8, 'Học phí môn Khoa Học Dữ Liệu', 1200000.00, NULL, '2024-12-25 23:52:41'),
(462, 201, 8, 'Học phí môn Khoa Học Dữ Liệu', 1200000.00, NULL, '2024-12-25 23:52:41'),
(463, 202, 8, 'Học phí môn Khoa Học Dữ Liệu', 1200000.00, NULL, '2024-12-25 23:52:41'),
(464, 203, 8, 'Học phí môn Khoa Học Dữ Liệu', 1200000.00, NULL, '2024-12-25 23:52:41'),
(465, 204, 8, 'Học phí môn Khoa Học Dữ Liệu', 1200000.00, NULL, '2024-12-25 23:52:41'),
(466, 205, 8, 'Học phí môn Khoa Học Dữ Liệu', 1200000.00, NULL, '2024-12-25 23:52:41'),
(467, 206, 8, 'Học phí môn Khoa Học Dữ Liệu', 1200000.00, NULL, '2024-12-25 23:52:41'),
(468, 207, 8, 'Học phí môn Khoa Học Dữ Liệu', 1200000.00, NULL, '2024-12-25 23:52:41'),
(469, 208, 8, 'Học phí môn Khoa Học Dữ Liệu', 1200000.00, NULL, '2024-12-25 23:52:41'),
(470, 209, 8, 'Học phí môn Khoa Học Dữ Liệu', 1200000.00, NULL, '2024-12-25 23:52:41'),
(471, 210, 8, 'Học phí môn Khoa Học Dữ Liệu', 1200000.00, NULL, '2024-12-25 23:52:41'),
(472, 211, 8, 'Học phí môn Khoa Học Dữ Liệu', 1200000.00, NULL, '2024-12-25 23:52:41'),
(473, 212, 8, 'Học phí môn Khoa Học Dữ Liệu', 1200000.00, NULL, '2024-12-25 23:52:41'),
(474, 213, 8, 'Học phí môn Khoa Học Dữ Liệu', 1200000.00, NULL, '2024-12-25 23:52:41'),
(475, 214, 8, 'Học phí môn Khoa Học Dữ Liệu', 1200000.00, NULL, '2024-12-25 23:52:41'),
(476, 215, 8, 'Học phí môn Khoa Học Dữ Liệu', 1200000.00, NULL, '2024-12-25 23:52:41'),
(477, 216, 8, 'Học phí môn Khoa Học Dữ Liệu', 1200000.00, NULL, '2024-12-25 23:52:41'),
(478, 217, 8, 'Học phí môn Khoa Học Dữ Liệu', 1200000.00, NULL, '2024-12-25 23:52:41'),
(479, 218, 8, 'Học phí môn Khoa Học Dữ Liệu', 1200000.00, NULL, '2024-12-25 23:52:41'),
(480, 219, 8, 'Học phí môn Khoa Học Dữ Liệu', 1200000.00, NULL, '2024-12-25 23:52:41'),
(511, 190, 9, 'Học phí môn Lập Trình Java', 900000.00, NULL, '2024-12-25 23:52:41'),
(512, 191, 9, 'Học phí môn Lập Trình Java', 900000.00, NULL, '2024-12-25 23:52:41'),
(513, 192, 9, 'Học phí môn Lập Trình Java', 900000.00, NULL, '2024-12-25 23:52:41'),
(514, 193, 9, 'Học phí môn Lập Trình Java', 900000.00, NULL, '2024-12-25 23:52:41'),
(515, 194, 9, 'Học phí môn Lập Trình Java', 900000.00, NULL, '2024-12-25 23:52:41'),
(516, 195, 9, 'Học phí môn Lập Trình Java', 900000.00, NULL, '2024-12-25 23:52:41'),
(517, 196, 9, 'Học phí môn Lập Trình Java', 900000.00, NULL, '2024-12-25 23:52:41'),
(518, 197, 9, 'Học phí môn Lập Trình Java', 900000.00, NULL, '2024-12-25 23:52:41'),
(519, 198, 9, 'Học phí môn Lập Trình Java', 900000.00, NULL, '2024-12-25 23:52:41'),
(520, 199, 9, 'Học phí môn Lập Trình Java', 900000.00, NULL, '2024-12-25 23:52:41'),
(521, 200, 9, 'Học phí môn Lập Trình Java', 900000.00, NULL, '2024-12-25 23:52:41'),
(522, 201, 9, 'Học phí môn Lập Trình Java', 900000.00, NULL, '2024-12-25 23:52:41'),
(523, 202, 9, 'Học phí môn Lập Trình Java', 900000.00, NULL, '2024-12-25 23:52:41'),
(524, 203, 9, 'Học phí môn Lập Trình Java', 900000.00, NULL, '2024-12-25 23:52:41'),
(525, 204, 9, 'Học phí môn Lập Trình Java', 900000.00, NULL, '2024-12-25 23:52:41'),
(526, 205, 9, 'Học phí môn Lập Trình Java', 900000.00, NULL, '2024-12-25 23:52:41'),
(527, 206, 9, 'Học phí môn Lập Trình Java', 900000.00, NULL, '2024-12-25 23:52:41'),
(528, 207, 9, 'Học phí môn Lập Trình Java', 900000.00, NULL, '2024-12-25 23:52:41'),
(529, 208, 9, 'Học phí môn Lập Trình Java', 900000.00, NULL, '2024-12-25 23:52:41'),
(530, 209, 9, 'Học phí môn Lập Trình Java', 900000.00, NULL, '2024-12-25 23:52:41'),
(531, 210, 9, 'Học phí môn Lập Trình Java', 900000.00, NULL, '2024-12-25 23:52:41'),
(532, 211, 9, 'Học phí môn Lập Trình Java', 900000.00, NULL, '2024-12-25 23:52:41'),
(533, 212, 9, 'Học phí môn Lập Trình Java', 900000.00, NULL, '2024-12-25 23:52:41'),
(534, 213, 9, 'Học phí môn Lập Trình Java', 900000.00, NULL, '2024-12-25 23:52:41'),
(535, 214, 9, 'Học phí môn Lập Trình Java', 900000.00, NULL, '2024-12-25 23:52:41'),
(536, 215, 9, 'Học phí môn Lập Trình Java', 900000.00, NULL, '2024-12-25 23:52:41'),
(537, 216, 9, 'Học phí môn Lập Trình Java', 900000.00, NULL, '2024-12-25 23:52:41'),
(538, 217, 9, 'Học phí môn Lập Trình Java', 900000.00, NULL, '2024-12-25 23:52:41'),
(539, 218, 9, 'Học phí môn Lập Trình Java', 900000.00, NULL, '2024-12-25 23:52:41'),
(540, 219, 9, 'Học phí môn Lập Trình Java', 900000.00, NULL, '2024-12-25 23:52:41'),
(571, 190, 10, 'Học phí môn Mạng Viễn Thông', 900000.00, NULL, '2024-12-25 23:52:41'),
(572, 191, 10, 'Học phí môn Mạng Viễn Thông', 900000.00, NULL, '2024-12-25 23:52:41'),
(573, 192, 10, 'Học phí môn Mạng Viễn Thông', 900000.00, NULL, '2024-12-25 23:52:41'),
(574, 193, 10, 'Học phí môn Mạng Viễn Thông', 900000.00, NULL, '2024-12-25 23:52:41'),
(575, 194, 10, 'Học phí môn Mạng Viễn Thông', 900000.00, NULL, '2024-12-25 23:52:41'),
(576, 195, 10, 'Học phí môn Mạng Viễn Thông', 900000.00, NULL, '2024-12-25 23:52:41'),
(577, 196, 10, 'Học phí môn Mạng Viễn Thông', 900000.00, NULL, '2024-12-25 23:52:41'),
(578, 197, 10, 'Học phí môn Mạng Viễn Thông', 900000.00, NULL, '2024-12-25 23:52:41'),
(579, 198, 10, 'Học phí môn Mạng Viễn Thông', 900000.00, NULL, '2024-12-25 23:52:41'),
(580, 199, 10, 'Học phí môn Mạng Viễn Thông', 900000.00, NULL, '2024-12-25 23:52:41'),
(581, 200, 10, 'Học phí môn Mạng Viễn Thông', 900000.00, NULL, '2024-12-25 23:52:41'),
(582, 201, 10, 'Học phí môn Mạng Viễn Thông', 900000.00, NULL, '2024-12-25 23:52:41'),
(583, 202, 10, 'Học phí môn Mạng Viễn Thông', 900000.00, NULL, '2024-12-25 23:52:41'),
(584, 203, 10, 'Học phí môn Mạng Viễn Thông', 900000.00, NULL, '2024-12-25 23:52:41'),
(585, 204, 10, 'Học phí môn Mạng Viễn Thông', 900000.00, NULL, '2024-12-25 23:52:41'),
(586, 205, 10, 'Học phí môn Mạng Viễn Thông', 900000.00, NULL, '2024-12-25 23:52:41'),
(587, 206, 10, 'Học phí môn Mạng Viễn Thông', 900000.00, NULL, '2024-12-25 23:52:41'),
(588, 207, 10, 'Học phí môn Mạng Viễn Thông', 900000.00, NULL, '2024-12-25 23:52:41'),
(589, 208, 10, 'Học phí môn Mạng Viễn Thông', 900000.00, NULL, '2024-12-25 23:52:41'),
(590, 209, 10, 'Học phí môn Mạng Viễn Thông', 900000.00, NULL, '2024-12-25 23:52:41'),
(591, 210, 10, 'Học phí môn Mạng Viễn Thông', 900000.00, NULL, '2024-12-25 23:52:41'),
(592, 211, 10, 'Học phí môn Mạng Viễn Thông', 900000.00, NULL, '2024-12-25 23:52:41'),
(593, 212, 10, 'Học phí môn Mạng Viễn Thông', 900000.00, NULL, '2024-12-25 23:52:41'),
(594, 213, 10, 'Học phí môn Mạng Viễn Thông', 900000.00, NULL, '2024-12-25 23:52:41'),
(595, 214, 10, 'Học phí môn Mạng Viễn Thông', 900000.00, NULL, '2024-12-25 23:52:41'),
(596, 215, 10, 'Học phí môn Mạng Viễn Thông', 900000.00, NULL, '2024-12-25 23:52:41'),
(597, 216, 10, 'Học phí môn Mạng Viễn Thông', 900000.00, NULL, '2024-12-25 23:52:41'),
(598, 217, 10, 'Học phí môn Mạng Viễn Thông', 900000.00, NULL, '2024-12-25 23:52:41'),
(599, 218, 10, 'Học phí môn Mạng Viễn Thông', 900000.00, NULL, '2024-12-25 23:52:41'),
(600, 219, 10, 'Học phí môn Mạng Viễn Thông', 900000.00, NULL, '2024-12-25 23:52:41'),
(631, 190, 11, 'Học phí môn Kinh Tế Vi Mô', 900000.00, NULL, '2024-12-25 23:52:41'),
(632, 191, 11, 'Học phí môn Kinh Tế Vi Mô', 900000.00, NULL, '2024-12-25 23:52:41'),
(633, 192, 11, 'Học phí môn Kinh Tế Vi Mô', 900000.00, NULL, '2024-12-25 23:52:41'),
(634, 193, 11, 'Học phí môn Kinh Tế Vi Mô', 900000.00, NULL, '2024-12-25 23:52:41'),
(635, 194, 11, 'Học phí môn Kinh Tế Vi Mô', 900000.00, NULL, '2024-12-25 23:52:41'),
(636, 195, 11, 'Học phí môn Kinh Tế Vi Mô', 900000.00, NULL, '2024-12-25 23:52:41'),
(637, 196, 11, 'Học phí môn Kinh Tế Vi Mô', 900000.00, NULL, '2024-12-25 23:52:41'),
(638, 197, 11, 'Học phí môn Kinh Tế Vi Mô', 900000.00, NULL, '2024-12-25 23:52:41'),
(639, 198, 11, 'Học phí môn Kinh Tế Vi Mô', 900000.00, NULL, '2024-12-25 23:52:41'),
(640, 199, 11, 'Học phí môn Kinh Tế Vi Mô', 900000.00, NULL, '2024-12-25 23:52:41'),
(641, 200, 11, 'Học phí môn Kinh Tế Vi Mô', 900000.00, NULL, '2024-12-25 23:52:41'),
(642, 201, 11, 'Học phí môn Kinh Tế Vi Mô', 900000.00, NULL, '2024-12-25 23:52:41'),
(643, 202, 11, 'Học phí môn Kinh Tế Vi Mô', 900000.00, NULL, '2024-12-25 23:52:41'),
(644, 203, 11, 'Học phí môn Kinh Tế Vi Mô', 900000.00, NULL, '2024-12-25 23:52:41'),
(645, 204, 11, 'Học phí môn Kinh Tế Vi Mô', 900000.00, NULL, '2024-12-25 23:52:41'),
(646, 205, 11, 'Học phí môn Kinh Tế Vi Mô', 900000.00, NULL, '2024-12-25 23:52:41'),
(647, 206, 11, 'Học phí môn Kinh Tế Vi Mô', 900000.00, NULL, '2024-12-25 23:52:41'),
(648, 207, 11, 'Học phí môn Kinh Tế Vi Mô', 900000.00, NULL, '2024-12-25 23:52:41'),
(649, 208, 11, 'Học phí môn Kinh Tế Vi Mô', 900000.00, NULL, '2024-12-25 23:52:41'),
(650, 209, 11, 'Học phí môn Kinh Tế Vi Mô', 900000.00, NULL, '2024-12-25 23:52:41'),
(651, 210, 11, 'Học phí môn Kinh Tế Vi Mô', 900000.00, NULL, '2024-12-25 23:52:41'),
(652, 211, 11, 'Học phí môn Kinh Tế Vi Mô', 900000.00, NULL, '2024-12-25 23:52:41'),
(653, 212, 11, 'Học phí môn Kinh Tế Vi Mô', 900000.00, NULL, '2024-12-25 23:52:41'),
(654, 213, 11, 'Học phí môn Kinh Tế Vi Mô', 900000.00, NULL, '2024-12-25 23:52:41'),
(655, 214, 11, 'Học phí môn Kinh Tế Vi Mô', 900000.00, NULL, '2024-12-25 23:52:41'),
(656, 215, 11, 'Học phí môn Kinh Tế Vi Mô', 900000.00, NULL, '2024-12-25 23:52:41'),
(657, 216, 11, 'Học phí môn Kinh Tế Vi Mô', 900000.00, NULL, '2024-12-25 23:52:41'),
(658, 217, 11, 'Học phí môn Kinh Tế Vi Mô', 900000.00, NULL, '2024-12-25 23:52:41'),
(659, 218, 11, 'Học phí môn Kinh Tế Vi Mô', 900000.00, NULL, '2024-12-25 23:52:41'),
(660, 219, 11, 'Học phí môn Kinh Tế Vi Mô', 900000.00, NULL, '2024-12-25 23:52:41'),
(661, 220, 11, 'Học phí môn Kinh Tế Vi Mô', 900000.00, NULL, '2024-12-25 23:52:41'),
(662, 221, 11, 'Học phí môn Kinh Tế Vi Mô', 900000.00, NULL, '2024-12-25 23:52:41'),
(663, 222, 11, 'Học phí môn Kinh Tế Vi Mô', 900000.00, NULL, '2024-12-25 23:52:41'),
(664, 223, 11, 'Học phí môn Kinh Tế Vi Mô', 900000.00, NULL, '2024-12-25 23:52:41'),
(665, 224, 11, 'Học phí môn Kinh Tế Vi Mô', 900000.00, NULL, '2024-12-25 23:52:41'),
(666, 225, 11, 'Học phí môn Kinh Tế Vi Mô', 900000.00, NULL, '2024-12-25 23:52:41'),
(667, 226, 11, 'Học phí môn Kinh Tế Vi Mô', 900000.00, NULL, '2024-12-25 23:52:41'),
(668, 227, 11, 'Học phí môn Kinh Tế Vi Mô', 900000.00, NULL, '2024-12-25 23:52:41'),
(669, 228, 11, 'Học phí môn Kinh Tế Vi Mô', 900000.00, NULL, '2024-12-25 23:52:41'),
(700, 190, 12, 'Học phí môn Quản Trị Kinh Doanh', 900000.00, NULL, '2024-12-25 23:52:41'),
(701, 191, 12, 'Học phí môn Quản Trị Kinh Doanh', 900000.00, NULL, '2024-12-25 23:52:41'),
(702, 192, 12, 'Học phí môn Quản Trị Kinh Doanh', 900000.00, NULL, '2024-12-25 23:52:41'),
(703, 193, 12, 'Học phí môn Quản Trị Kinh Doanh', 900000.00, NULL, '2024-12-25 23:52:41'),
(704, 194, 12, 'Học phí môn Quản Trị Kinh Doanh', 900000.00, NULL, '2024-12-25 23:52:41'),
(705, 195, 12, 'Học phí môn Quản Trị Kinh Doanh', 900000.00, NULL, '2024-12-25 23:52:41'),
(706, 196, 12, 'Học phí môn Quản Trị Kinh Doanh', 900000.00, NULL, '2024-12-25 23:52:41'),
(707, 197, 12, 'Học phí môn Quản Trị Kinh Doanh', 900000.00, NULL, '2024-12-25 23:52:41'),
(708, 198, 12, 'Học phí môn Quản Trị Kinh Doanh', 900000.00, NULL, '2024-12-25 23:52:41'),
(709, 199, 12, 'Học phí môn Quản Trị Kinh Doanh', 900000.00, NULL, '2024-12-25 23:52:41'),
(710, 200, 12, 'Học phí môn Quản Trị Kinh Doanh', 900000.00, NULL, '2024-12-25 23:52:41'),
(711, 201, 12, 'Học phí môn Quản Trị Kinh Doanh', 900000.00, NULL, '2024-12-25 23:52:41'),
(712, 202, 12, 'Học phí môn Quản Trị Kinh Doanh', 900000.00, NULL, '2024-12-25 23:52:41'),
(713, 203, 12, 'Học phí môn Quản Trị Kinh Doanh', 900000.00, NULL, '2024-12-25 23:52:41'),
(714, 204, 12, 'Học phí môn Quản Trị Kinh Doanh', 900000.00, NULL, '2024-12-25 23:52:41'),
(715, 205, 12, 'Học phí môn Quản Trị Kinh Doanh', 900000.00, NULL, '2024-12-25 23:52:41'),
(716, 206, 12, 'Học phí môn Quản Trị Kinh Doanh', 900000.00, NULL, '2024-12-25 23:52:41'),
(717, 207, 12, 'Học phí môn Quản Trị Kinh Doanh', 900000.00, NULL, '2024-12-25 23:52:41'),
(718, 208, 12, 'Học phí môn Quản Trị Kinh Doanh', 900000.00, NULL, '2024-12-25 23:52:41'),
(719, 209, 12, 'Học phí môn Quản Trị Kinh Doanh', 900000.00, NULL, '2024-12-25 23:52:41'),
(720, 210, 12, 'Học phí môn Quản Trị Kinh Doanh', 900000.00, NULL, '2024-12-25 23:52:41'),
(721, 211, 12, 'Học phí môn Quản Trị Kinh Doanh', 900000.00, NULL, '2024-12-25 23:52:41'),
(722, 212, 12, 'Học phí môn Quản Trị Kinh Doanh', 900000.00, NULL, '2024-12-25 23:52:41'),
(723, 213, 12, 'Học phí môn Quản Trị Kinh Doanh', 900000.00, NULL, '2024-12-25 23:52:41'),
(724, 214, 12, 'Học phí môn Quản Trị Kinh Doanh', 900000.00, NULL, '2024-12-25 23:52:41'),
(725, 215, 12, 'Học phí môn Quản Trị Kinh Doanh', 900000.00, NULL, '2024-12-25 23:52:41'),
(726, 216, 12, 'Học phí môn Quản Trị Kinh Doanh', 900000.00, NULL, '2024-12-25 23:52:41'),
(727, 217, 12, 'Học phí môn Quản Trị Kinh Doanh', 900000.00, NULL, '2024-12-25 23:52:41'),
(728, 218, 12, 'Học phí môn Quản Trị Kinh Doanh', 900000.00, NULL, '2024-12-25 23:52:41'),
(729, 219, 12, 'Học phí môn Quản Trị Kinh Doanh', 900000.00, NULL, '2024-12-25 23:52:41'),
(730, 220, 12, 'Học phí môn Quản Trị Kinh Doanh', 900000.00, NULL, '2024-12-25 23:52:41'),
(731, 221, 12, 'Học phí môn Quản Trị Kinh Doanh', 900000.00, NULL, '2024-12-25 23:52:41'),
(732, 222, 12, 'Học phí môn Quản Trị Kinh Doanh', 900000.00, NULL, '2024-12-25 23:52:41'),
(733, 223, 12, 'Học phí môn Quản Trị Kinh Doanh', 900000.00, NULL, '2024-12-25 23:52:41'),
(734, 224, 12, 'Học phí môn Quản Trị Kinh Doanh', 900000.00, NULL, '2024-12-25 23:52:41'),
(735, 225, 12, 'Học phí môn Quản Trị Kinh Doanh', 900000.00, NULL, '2024-12-25 23:52:41'),
(736, 226, 12, 'Học phí môn Quản Trị Kinh Doanh', 900000.00, NULL, '2024-12-25 23:52:41'),
(737, 227, 12, 'Học phí môn Quản Trị Kinh Doanh', 900000.00, NULL, '2024-12-25 23:52:41'),
(738, 228, 12, 'Học phí môn Quản Trị Kinh Doanh', 900000.00, NULL, '2024-12-25 23:52:41'),
(769, 190, 13, 'Học phí môn Kế Toán Quản Trị', 900000.00, NULL, '2024-12-25 23:52:41'),
(770, 191, 13, 'Học phí môn Kế Toán Quản Trị', 900000.00, NULL, '2024-12-25 23:52:41'),
(771, 192, 13, 'Học phí môn Kế Toán Quản Trị', 900000.00, NULL, '2024-12-25 23:52:41'),
(772, 193, 13, 'Học phí môn Kế Toán Quản Trị', 900000.00, NULL, '2024-12-25 23:52:41'),
(773, 194, 13, 'Học phí môn Kế Toán Quản Trị', 900000.00, NULL, '2024-12-25 23:52:41'),
(774, 195, 13, 'Học phí môn Kế Toán Quản Trị', 900000.00, NULL, '2024-12-25 23:52:41'),
(775, 196, 13, 'Học phí môn Kế Toán Quản Trị', 900000.00, NULL, '2024-12-25 23:52:41'),
(776, 197, 13, 'Học phí môn Kế Toán Quản Trị', 900000.00, NULL, '2024-12-25 23:52:41'),
(777, 198, 13, 'Học phí môn Kế Toán Quản Trị', 900000.00, NULL, '2024-12-25 23:52:41'),
(778, 199, 13, 'Học phí môn Kế Toán Quản Trị', 900000.00, NULL, '2024-12-25 23:52:41'),
(779, 200, 13, 'Học phí môn Kế Toán Quản Trị', 900000.00, NULL, '2024-12-25 23:52:41'),
(780, 201, 13, 'Học phí môn Kế Toán Quản Trị', 900000.00, NULL, '2024-12-25 23:52:41'),
(781, 202, 13, 'Học phí môn Kế Toán Quản Trị', 900000.00, NULL, '2024-12-25 23:52:41'),
(782, 203, 13, 'Học phí môn Kế Toán Quản Trị', 900000.00, NULL, '2024-12-25 23:52:41'),
(783, 204, 13, 'Học phí môn Kế Toán Quản Trị', 900000.00, NULL, '2024-12-25 23:52:41'),
(784, 205, 13, 'Học phí môn Kế Toán Quản Trị', 900000.00, NULL, '2024-12-25 23:52:41'),
(785, 206, 13, 'Học phí môn Kế Toán Quản Trị', 900000.00, NULL, '2024-12-25 23:52:41'),
(786, 207, 13, 'Học phí môn Kế Toán Quản Trị', 900000.00, NULL, '2024-12-25 23:52:41'),
(787, 208, 13, 'Học phí môn Kế Toán Quản Trị', 900000.00, NULL, '2024-12-25 23:52:41'),
(788, 209, 13, 'Học phí môn Kế Toán Quản Trị', 900000.00, NULL, '2024-12-25 23:52:41'),
(789, 210, 13, 'Học phí môn Kế Toán Quản Trị', 900000.00, NULL, '2024-12-25 23:52:41'),
(790, 211, 13, 'Học phí môn Kế Toán Quản Trị', 900000.00, NULL, '2024-12-25 23:52:41'),
(791, 212, 13, 'Học phí môn Kế Toán Quản Trị', 900000.00, NULL, '2024-12-25 23:52:41'),
(792, 213, 13, 'Học phí môn Kế Toán Quản Trị', 900000.00, NULL, '2024-12-25 23:52:41'),
(793, 214, 13, 'Học phí môn Kế Toán Quản Trị', 900000.00, NULL, '2024-12-25 23:52:41'),
(794, 215, 13, 'Học phí môn Kế Toán Quản Trị', 900000.00, NULL, '2024-12-25 23:52:41'),
(795, 216, 13, 'Học phí môn Kế Toán Quản Trị', 900000.00, NULL, '2024-12-25 23:52:41'),
(796, 217, 13, 'Học phí môn Kế Toán Quản Trị', 900000.00, NULL, '2024-12-25 23:52:41'),
(797, 218, 13, 'Học phí môn Kế Toán Quản Trị', 900000.00, NULL, '2024-12-25 23:52:41'),
(798, 219, 13, 'Học phí môn Kế Toán Quản Trị', 900000.00, NULL, '2024-12-25 23:52:41'),
(799, 220, 13, 'Học phí môn Kế Toán Quản Trị', 900000.00, NULL, '2024-12-25 23:52:41'),
(800, 221, 13, 'Học phí môn Kế Toán Quản Trị', 900000.00, NULL, '2024-12-25 23:52:41'),
(801, 222, 13, 'Học phí môn Kế Toán Quản Trị', 900000.00, NULL, '2024-12-25 23:52:41'),
(802, 223, 13, 'Học phí môn Kế Toán Quản Trị', 900000.00, NULL, '2024-12-25 23:52:41'),
(803, 224, 13, 'Học phí môn Kế Toán Quản Trị', 900000.00, NULL, '2024-12-25 23:52:41'),
(804, 225, 13, 'Học phí môn Kế Toán Quản Trị', 900000.00, NULL, '2024-12-25 23:52:41'),
(805, 226, 13, 'Học phí môn Kế Toán Quản Trị', 900000.00, NULL, '2024-12-25 23:52:41'),
(806, 227, 13, 'Học phí môn Kế Toán Quản Trị', 900000.00, NULL, '2024-12-25 23:52:41'),
(807, 228, 13, 'Học phí môn Kế Toán Quản Trị', 900000.00, NULL, '2024-12-25 23:52:41'),
(838, 190, 14, 'Học phí môn Marketing', 1200000.00, NULL, '2024-12-25 23:52:41'),
(839, 191, 14, 'Học phí môn Marketing', 1200000.00, NULL, '2024-12-25 23:52:41'),
(840, 192, 14, 'Học phí môn Marketing', 1200000.00, NULL, '2024-12-25 23:52:41'),
(841, 193, 14, 'Học phí môn Marketing', 1200000.00, NULL, '2024-12-25 23:52:41'),
(842, 194, 14, 'Học phí môn Marketing', 1200000.00, NULL, '2024-12-25 23:52:41'),
(843, 195, 14, 'Học phí môn Marketing', 1200000.00, NULL, '2024-12-25 23:52:41'),
(844, 196, 14, 'Học phí môn Marketing', 1200000.00, NULL, '2024-12-25 23:52:41'),
(845, 197, 14, 'Học phí môn Marketing', 1200000.00, NULL, '2024-12-25 23:52:41'),
(846, 198, 14, 'Học phí môn Marketing', 1200000.00, NULL, '2024-12-25 23:52:41'),
(847, 199, 14, 'Học phí môn Marketing', 1200000.00, NULL, '2024-12-25 23:52:41'),
(848, 200, 14, 'Học phí môn Marketing', 1200000.00, NULL, '2024-12-25 23:52:41'),
(849, 201, 14, 'Học phí môn Marketing', 1200000.00, NULL, '2024-12-25 23:52:41'),
(850, 202, 14, 'Học phí môn Marketing', 1200000.00, NULL, '2024-12-25 23:52:41'),
(851, 203, 14, 'Học phí môn Marketing', 1200000.00, NULL, '2024-12-25 23:52:41'),
(852, 204, 14, 'Học phí môn Marketing', 1200000.00, NULL, '2024-12-25 23:52:41'),
(853, 205, 14, 'Học phí môn Marketing', 1200000.00, NULL, '2024-12-25 23:52:41'),
(854, 206, 14, 'Học phí môn Marketing', 1200000.00, NULL, '2024-12-25 23:52:41'),
(855, 207, 14, 'Học phí môn Marketing', 1200000.00, NULL, '2024-12-25 23:52:41'),
(856, 208, 14, 'Học phí môn Marketing', 1200000.00, NULL, '2024-12-25 23:52:41'),
(857, 209, 14, 'Học phí môn Marketing', 1200000.00, NULL, '2024-12-25 23:52:41'),
(858, 210, 14, 'Học phí môn Marketing', 1200000.00, NULL, '2024-12-25 23:52:41'),
(859, 211, 14, 'Học phí môn Marketing', 1200000.00, NULL, '2024-12-25 23:52:41'),
(860, 212, 14, 'Học phí môn Marketing', 1200000.00, NULL, '2024-12-25 23:52:41'),
(861, 213, 14, 'Học phí môn Marketing', 1200000.00, NULL, '2024-12-25 23:52:41'),
(862, 214, 14, 'Học phí môn Marketing', 1200000.00, NULL, '2024-12-25 23:52:41'),
(863, 215, 14, 'Học phí môn Marketing', 1200000.00, NULL, '2024-12-25 23:52:41'),
(864, 216, 14, 'Học phí môn Marketing', 1200000.00, NULL, '2024-12-25 23:52:41'),
(865, 217, 14, 'Học phí môn Marketing', 1200000.00, NULL, '2024-12-25 23:52:41'),
(866, 218, 14, 'Học phí môn Marketing', 1200000.00, NULL, '2024-12-25 23:52:41'),
(867, 219, 14, 'Học phí môn Marketing', 1200000.00, NULL, '2024-12-25 23:52:41'),
(868, 220, 14, 'Học phí môn Marketing', 1200000.00, NULL, '2024-12-25 23:52:41'),
(869, 221, 14, 'Học phí môn Marketing', 1200000.00, NULL, '2024-12-25 23:52:41'),
(870, 222, 14, 'Học phí môn Marketing', 1200000.00, NULL, '2024-12-25 23:52:41'),
(871, 223, 14, 'Học phí môn Marketing', 1200000.00, NULL, '2024-12-25 23:52:41'),
(872, 224, 14, 'Học phí môn Marketing', 1200000.00, NULL, '2024-12-25 23:52:41'),
(873, 225, 14, 'Học phí môn Marketing', 1200000.00, NULL, '2024-12-25 23:52:41'),
(874, 226, 14, 'Học phí môn Marketing', 1200000.00, NULL, '2024-12-25 23:52:41'),
(875, 227, 14, 'Học phí môn Marketing', 1200000.00, NULL, '2024-12-25 23:52:41'),
(876, 228, 14, 'Học phí môn Marketing', 1200000.00, NULL, '2024-12-25 23:52:41'),
(907, 190, 15, 'Học phí môn Tài Chính Ngân Hàng', 1200000.00, NULL, '2024-12-25 23:52:41'),
(908, 191, 15, 'Học phí môn Tài Chính Ngân Hàng', 1200000.00, NULL, '2024-12-25 23:52:41'),
(909, 192, 15, 'Học phí môn Tài Chính Ngân Hàng', 1200000.00, NULL, '2024-12-25 23:52:41'),
(910, 193, 15, 'Học phí môn Tài Chính Ngân Hàng', 1200000.00, NULL, '2024-12-25 23:52:41'),
(911, 194, 15, 'Học phí môn Tài Chính Ngân Hàng', 1200000.00, NULL, '2024-12-25 23:52:41'),
(912, 195, 15, 'Học phí môn Tài Chính Ngân Hàng', 1200000.00, NULL, '2024-12-25 23:52:41'),
(913, 196, 15, 'Học phí môn Tài Chính Ngân Hàng', 1200000.00, NULL, '2024-12-25 23:52:41'),
(914, 197, 15, 'Học phí môn Tài Chính Ngân Hàng', 1200000.00, NULL, '2024-12-25 23:52:41'),
(915, 198, 15, 'Học phí môn Tài Chính Ngân Hàng', 1200000.00, NULL, '2024-12-25 23:52:41'),
(916, 199, 15, 'Học phí môn Tài Chính Ngân Hàng', 1200000.00, NULL, '2024-12-25 23:52:41'),
(917, 200, 15, 'Học phí môn Tài Chính Ngân Hàng', 1200000.00, NULL, '2024-12-25 23:52:41'),
(918, 201, 15, 'Học phí môn Tài Chính Ngân Hàng', 1200000.00, NULL, '2024-12-25 23:52:41'),
(919, 202, 15, 'Học phí môn Tài Chính Ngân Hàng', 1200000.00, NULL, '2024-12-25 23:52:41'),
(920, 203, 15, 'Học phí môn Tài Chính Ngân Hàng', 1200000.00, NULL, '2024-12-25 23:52:41'),
(921, 204, 15, 'Học phí môn Tài Chính Ngân Hàng', 1200000.00, NULL, '2024-12-25 23:52:41'),
(922, 205, 15, 'Học phí môn Tài Chính Ngân Hàng', 1200000.00, NULL, '2024-12-25 23:52:41'),
(923, 206, 15, 'Học phí môn Tài Chính Ngân Hàng', 1200000.00, NULL, '2024-12-25 23:52:41'),
(924, 207, 15, 'Học phí môn Tài Chính Ngân Hàng', 1200000.00, NULL, '2024-12-25 23:52:41'),
(925, 208, 15, 'Học phí môn Tài Chính Ngân Hàng', 1200000.00, NULL, '2024-12-25 23:52:41'),
(926, 209, 15, 'Học phí môn Tài Chính Ngân Hàng', 1200000.00, NULL, '2024-12-25 23:52:41'),
(927, 210, 15, 'Học phí môn Tài Chính Ngân Hàng', 1200000.00, NULL, '2024-12-25 23:52:41'),
(928, 211, 15, 'Học phí môn Tài Chính Ngân Hàng', 1200000.00, NULL, '2024-12-25 23:52:41'),
(929, 212, 15, 'Học phí môn Tài Chính Ngân Hàng', 1200000.00, NULL, '2024-12-25 23:52:41'),
(930, 213, 15, 'Học phí môn Tài Chính Ngân Hàng', 1200000.00, NULL, '2024-12-25 23:52:41'),
(931, 214, 15, 'Học phí môn Tài Chính Ngân Hàng', 1200000.00, NULL, '2024-12-25 23:52:41'),
(932, 215, 15, 'Học phí môn Tài Chính Ngân Hàng', 1200000.00, NULL, '2024-12-25 23:52:41'),
(933, 216, 15, 'Học phí môn Tài Chính Ngân Hàng', 1200000.00, NULL, '2024-12-25 23:52:41'),
(934, 217, 15, 'Học phí môn Tài Chính Ngân Hàng', 1200000.00, NULL, '2024-12-25 23:52:41'),
(935, 218, 15, 'Học phí môn Tài Chính Ngân Hàng', 1200000.00, NULL, '2024-12-25 23:52:41'),
(936, 219, 15, 'Học phí môn Tài Chính Ngân Hàng', 1200000.00, NULL, '2024-12-25 23:52:41'),
(937, 220, 15, 'Học phí môn Tài Chính Ngân Hàng', 1200000.00, NULL, '2024-12-25 23:52:41'),
(938, 221, 15, 'Học phí môn Tài Chính Ngân Hàng', 1200000.00, NULL, '2024-12-25 23:52:41'),
(939, 222, 15, 'Học phí môn Tài Chính Ngân Hàng', 1200000.00, NULL, '2024-12-25 23:52:41'),
(940, 223, 15, 'Học phí môn Tài Chính Ngân Hàng', 1200000.00, NULL, '2024-12-25 23:52:41'),
(941, 224, 15, 'Học phí môn Tài Chính Ngân Hàng', 1200000.00, NULL, '2024-12-25 23:52:41'),
(942, 225, 15, 'Học phí môn Tài Chính Ngân Hàng', 1200000.00, NULL, '2024-12-25 23:52:41'),
(943, 226, 15, 'Học phí môn Tài Chính Ngân Hàng', 1200000.00, NULL, '2024-12-25 23:52:41'),
(944, 227, 15, 'Học phí môn Tài Chính Ngân Hàng', 1200000.00, NULL, '2024-12-25 23:52:41'),
(945, 228, 15, 'Học phí môn Tài Chính Ngân Hàng', 1200000.00, NULL, '2024-12-25 23:52:41'),
(976, 190, 16, 'Học phí môn Kinh Tế Lượng', 900000.00, NULL, '2024-12-25 23:52:41'),
(977, 191, 16, 'Học phí môn Kinh Tế Lượng', 900000.00, NULL, '2024-12-25 23:52:41'),
(978, 192, 16, 'Học phí môn Kinh Tế Lượng', 900000.00, NULL, '2024-12-25 23:52:41'),
(979, 193, 16, 'Học phí môn Kinh Tế Lượng', 900000.00, NULL, '2024-12-25 23:52:41'),
(980, 194, 16, 'Học phí môn Kinh Tế Lượng', 900000.00, NULL, '2024-12-25 23:52:41'),
(981, 195, 16, 'Học phí môn Kinh Tế Lượng', 900000.00, NULL, '2024-12-25 23:52:41'),
(982, 196, 16, 'Học phí môn Kinh Tế Lượng', 900000.00, NULL, '2024-12-25 23:52:41'),
(983, 197, 16, 'Học phí môn Kinh Tế Lượng', 900000.00, NULL, '2024-12-25 23:52:41'),
(984, 198, 16, 'Học phí môn Kinh Tế Lượng', 900000.00, NULL, '2024-12-25 23:52:41'),
(985, 199, 16, 'Học phí môn Kinh Tế Lượng', 900000.00, NULL, '2024-12-25 23:52:41'),
(986, 200, 16, 'Học phí môn Kinh Tế Lượng', 900000.00, NULL, '2024-12-25 23:52:41'),
(987, 201, 16, 'Học phí môn Kinh Tế Lượng', 900000.00, NULL, '2024-12-25 23:52:41'),
(988, 202, 16, 'Học phí môn Kinh Tế Lượng', 900000.00, NULL, '2024-12-25 23:52:41'),
(989, 203, 16, 'Học phí môn Kinh Tế Lượng', 900000.00, NULL, '2024-12-25 23:52:41'),
(990, 204, 16, 'Học phí môn Kinh Tế Lượng', 900000.00, NULL, '2024-12-25 23:52:41'),
(991, 205, 16, 'Học phí môn Kinh Tế Lượng', 900000.00, NULL, '2024-12-25 23:52:41'),
(992, 206, 16, 'Học phí môn Kinh Tế Lượng', 900000.00, NULL, '2024-12-25 23:52:41'),
(993, 207, 16, 'Học phí môn Kinh Tế Lượng', 900000.00, NULL, '2024-12-25 23:52:41'),
(994, 208, 16, 'Học phí môn Kinh Tế Lượng', 900000.00, NULL, '2024-12-25 23:52:41'),
(995, 209, 16, 'Học phí môn Kinh Tế Lượng', 900000.00, NULL, '2024-12-25 23:52:41'),
(996, 210, 16, 'Học phí môn Kinh Tế Lượng', 900000.00, NULL, '2024-12-25 23:52:41'),
(997, 211, 16, 'Học phí môn Kinh Tế Lượng', 900000.00, NULL, '2024-12-25 23:52:41'),
(998, 212, 16, 'Học phí môn Kinh Tế Lượng', 900000.00, NULL, '2024-12-25 23:52:41'),
(999, 213, 16, 'Học phí môn Kinh Tế Lượng', 900000.00, NULL, '2024-12-25 23:52:41'),
(1000, 214, 16, 'Học phí môn Kinh Tế Lượng', 900000.00, NULL, '2024-12-25 23:52:41'),
(1001, 215, 16, 'Học phí môn Kinh Tế Lượng', 900000.00, NULL, '2024-12-25 23:52:41'),
(1002, 216, 16, 'Học phí môn Kinh Tế Lượng', 900000.00, NULL, '2024-12-25 23:52:41'),
(1003, 217, 16, 'Học phí môn Kinh Tế Lượng', 900000.00, NULL, '2024-12-25 23:52:41'),
(1004, 218, 16, 'Học phí môn Kinh Tế Lượng', 900000.00, NULL, '2024-12-25 23:52:41'),
(1005, 219, 16, 'Học phí môn Kinh Tế Lượng', 900000.00, NULL, '2024-12-25 23:52:41'),
(1006, 220, 16, 'Học phí môn Kinh Tế Lượng', 900000.00, NULL, '2024-12-25 23:52:41'),
(1007, 221, 16, 'Học phí môn Kinh Tế Lượng', 900000.00, NULL, '2024-12-25 23:52:41'),
(1008, 222, 16, 'Học phí môn Kinh Tế Lượng', 900000.00, NULL, '2024-12-25 23:52:41'),
(1009, 223, 16, 'Học phí môn Kinh Tế Lượng', 900000.00, NULL, '2024-12-25 23:52:41'),
(1010, 224, 16, 'Học phí môn Kinh Tế Lượng', 900000.00, NULL, '2024-12-25 23:52:41'),
(1011, 225, 16, 'Học phí môn Kinh Tế Lượng', 900000.00, NULL, '2024-12-25 23:52:41'),
(1012, 226, 16, 'Học phí môn Kinh Tế Lượng', 900000.00, NULL, '2024-12-25 23:52:41'),
(1013, 227, 16, 'Học phí môn Kinh Tế Lượng', 900000.00, NULL, '2024-12-25 23:52:41'),
(1014, 228, 16, 'Học phí môn Kinh Tế Lượng', 900000.00, NULL, '2024-12-25 23:52:41'),
(1045, 190, 17, 'Học phí môn Kinh Tế Học', 1200000.00, NULL, '2024-12-25 23:52:41'),
(1046, 191, 17, 'Học phí môn Kinh Tế Học', 1200000.00, NULL, '2024-12-25 23:52:41'),
(1047, 192, 17, 'Học phí môn Kinh Tế Học', 1200000.00, NULL, '2024-12-25 23:52:41'),
(1048, 193, 17, 'Học phí môn Kinh Tế Học', 1200000.00, NULL, '2024-12-25 23:52:41'),
(1049, 194, 17, 'Học phí môn Kinh Tế Học', 1200000.00, NULL, '2024-12-25 23:52:41'),
(1050, 195, 17, 'Học phí môn Kinh Tế Học', 1200000.00, NULL, '2024-12-25 23:52:41'),
(1051, 196, 17, 'Học phí môn Kinh Tế Học', 1200000.00, NULL, '2024-12-25 23:52:41'),
(1052, 197, 17, 'Học phí môn Kinh Tế Học', 1200000.00, NULL, '2024-12-25 23:52:41'),
(1053, 198, 17, 'Học phí môn Kinh Tế Học', 1200000.00, NULL, '2024-12-25 23:52:41'),
(1054, 199, 17, 'Học phí môn Kinh Tế Học', 1200000.00, NULL, '2024-12-25 23:52:41'),
(1055, 200, 17, 'Học phí môn Kinh Tế Học', 1200000.00, NULL, '2024-12-25 23:52:41'),
(1056, 201, 17, 'Học phí môn Kinh Tế Học', 1200000.00, NULL, '2024-12-25 23:52:41'),
(1057, 202, 17, 'Học phí môn Kinh Tế Học', 1200000.00, NULL, '2024-12-25 23:52:41'),
(1058, 203, 17, 'Học phí môn Kinh Tế Học', 1200000.00, NULL, '2024-12-25 23:52:41'),
(1059, 204, 17, 'Học phí môn Kinh Tế Học', 1200000.00, NULL, '2024-12-25 23:52:41'),
(1060, 205, 17, 'Học phí môn Kinh Tế Học', 1200000.00, NULL, '2024-12-25 23:52:41'),
(1061, 206, 17, 'Học phí môn Kinh Tế Học', 1200000.00, NULL, '2024-12-25 23:52:41'),
(1062, 207, 17, 'Học phí môn Kinh Tế Học', 1200000.00, NULL, '2024-12-25 23:52:41'),
(1063, 208, 17, 'Học phí môn Kinh Tế Học', 1200000.00, NULL, '2024-12-25 23:52:41'),
(1064, 209, 17, 'Học phí môn Kinh Tế Học', 1200000.00, NULL, '2024-12-25 23:52:41'),
(1065, 210, 17, 'Học phí môn Kinh Tế Học', 1200000.00, NULL, '2024-12-25 23:52:41'),
(1066, 211, 17, 'Học phí môn Kinh Tế Học', 1200000.00, NULL, '2024-12-25 23:52:41'),
(1067, 212, 17, 'Học phí môn Kinh Tế Học', 1200000.00, NULL, '2024-12-25 23:52:41'),
(1068, 213, 17, 'Học phí môn Kinh Tế Học', 1200000.00, NULL, '2024-12-25 23:52:41'),
(1069, 214, 17, 'Học phí môn Kinh Tế Học', 1200000.00, NULL, '2024-12-25 23:52:41'),
(1070, 215, 17, 'Học phí môn Kinh Tế Học', 1200000.00, NULL, '2024-12-25 23:52:41'),
(1071, 216, 17, 'Học phí môn Kinh Tế Học', 1200000.00, NULL, '2024-12-25 23:52:41'),
(1072, 217, 17, 'Học phí môn Kinh Tế Học', 1200000.00, NULL, '2024-12-25 23:52:41'),
(1073, 218, 17, 'Học phí môn Kinh Tế Học', 1200000.00, NULL, '2024-12-25 23:52:41'),
(1074, 219, 17, 'Học phí môn Kinh Tế Học', 1200000.00, NULL, '2024-12-25 23:52:41'),
(1075, 220, 17, 'Học phí môn Kinh Tế Học', 1200000.00, NULL, '2024-12-25 23:52:41'),
(1076, 221, 17, 'Học phí môn Kinh Tế Học', 1200000.00, NULL, '2024-12-25 23:52:41'),
(1077, 222, 17, 'Học phí môn Kinh Tế Học', 1200000.00, NULL, '2024-12-25 23:52:41'),
(1078, 223, 17, 'Học phí môn Kinh Tế Học', 1200000.00, NULL, '2024-12-25 23:52:41'),
(1079, 224, 17, 'Học phí môn Kinh Tế Học', 1200000.00, NULL, '2024-12-25 23:52:41'),
(1080, 225, 17, 'Học phí môn Kinh Tế Học', 1200000.00, NULL, '2024-12-25 23:52:41'),
(1081, 226, 17, 'Học phí môn Kinh Tế Học', 1200000.00, NULL, '2024-12-25 23:52:41'),
(1082, 227, 17, 'Học phí môn Kinh Tế Học', 1200000.00, NULL, '2024-12-25 23:52:41'),
(1083, 228, 17, 'Học phí môn Kinh Tế Học', 1200000.00, NULL, '2024-12-25 23:52:41'),
(1114, 190, 18, 'Học phí môn Lý Thuyết Tài Chính', 900000.00, NULL, '2024-12-25 23:52:41'),
(1115, 191, 18, 'Học phí môn Lý Thuyết Tài Chính', 900000.00, NULL, '2024-12-25 23:52:41'),
(1116, 192, 18, 'Học phí môn Lý Thuyết Tài Chính', 900000.00, NULL, '2024-12-25 23:52:41'),
(1117, 193, 18, 'Học phí môn Lý Thuyết Tài Chính', 900000.00, NULL, '2024-12-25 23:52:41'),
(1118, 194, 18, 'Học phí môn Lý Thuyết Tài Chính', 900000.00, NULL, '2024-12-25 23:52:41'),
(1119, 195, 18, 'Học phí môn Lý Thuyết Tài Chính', 900000.00, NULL, '2024-12-25 23:52:41'),
(1120, 196, 18, 'Học phí môn Lý Thuyết Tài Chính', 900000.00, NULL, '2024-12-25 23:52:41'),
(1121, 197, 18, 'Học phí môn Lý Thuyết Tài Chính', 900000.00, NULL, '2024-12-25 23:52:41'),
(1122, 198, 18, 'Học phí môn Lý Thuyết Tài Chính', 900000.00, NULL, '2024-12-25 23:52:41'),
(1123, 199, 18, 'Học phí môn Lý Thuyết Tài Chính', 900000.00, NULL, '2024-12-25 23:52:41'),
(1124, 200, 18, 'Học phí môn Lý Thuyết Tài Chính', 900000.00, NULL, '2024-12-25 23:52:41'),
(1125, 201, 18, 'Học phí môn Lý Thuyết Tài Chính', 900000.00, NULL, '2024-12-25 23:52:41'),
(1126, 202, 18, 'Học phí môn Lý Thuyết Tài Chính', 900000.00, NULL, '2024-12-25 23:52:41'),
(1127, 203, 18, 'Học phí môn Lý Thuyết Tài Chính', 900000.00, NULL, '2024-12-25 23:52:41'),
(1128, 204, 18, 'Học phí môn Lý Thuyết Tài Chính', 900000.00, NULL, '2024-12-25 23:52:41'),
(1129, 205, 18, 'Học phí môn Lý Thuyết Tài Chính', 900000.00, NULL, '2024-12-25 23:52:41'),
(1130, 206, 18, 'Học phí môn Lý Thuyết Tài Chính', 900000.00, NULL, '2024-12-25 23:52:41'),
(1131, 207, 18, 'Học phí môn Lý Thuyết Tài Chính', 900000.00, NULL, '2024-12-25 23:52:41'),
(1132, 208, 18, 'Học phí môn Lý Thuyết Tài Chính', 900000.00, NULL, '2024-12-25 23:52:41'),
(1133, 209, 18, 'Học phí môn Lý Thuyết Tài Chính', 900000.00, NULL, '2024-12-25 23:52:41'),
(1134, 210, 18, 'Học phí môn Lý Thuyết Tài Chính', 900000.00, NULL, '2024-12-25 23:52:41'),
(1135, 211, 18, 'Học phí môn Lý Thuyết Tài Chính', 900000.00, NULL, '2024-12-25 23:52:41'),
(1136, 212, 18, 'Học phí môn Lý Thuyết Tài Chính', 900000.00, NULL, '2024-12-25 23:52:41'),
(1137, 213, 18, 'Học phí môn Lý Thuyết Tài Chính', 900000.00, NULL, '2024-12-25 23:52:41');
INSERT INTO `chitiethocphi` (`id_chitiethocphi`, `id_hocphi`, `id_monhoc`, `ten_khoan_phi`, `so_tien`, `id_mien_giam`, `ngay_ap_dung`) VALUES
(1138, 214, 18, 'Học phí môn Lý Thuyết Tài Chính', 900000.00, NULL, '2024-12-25 23:52:41'),
(1139, 215, 18, 'Học phí môn Lý Thuyết Tài Chính', 900000.00, NULL, '2024-12-25 23:52:41'),
(1140, 216, 18, 'Học phí môn Lý Thuyết Tài Chính', 900000.00, NULL, '2024-12-25 23:52:41'),
(1141, 217, 18, 'Học phí môn Lý Thuyết Tài Chính', 900000.00, NULL, '2024-12-25 23:52:41'),
(1142, 218, 18, 'Học phí môn Lý Thuyết Tài Chính', 900000.00, NULL, '2024-12-25 23:52:41'),
(1143, 219, 18, 'Học phí môn Lý Thuyết Tài Chính', 900000.00, NULL, '2024-12-25 23:52:41'),
(1144, 220, 18, 'Học phí môn Lý Thuyết Tài Chính', 900000.00, NULL, '2024-12-25 23:52:41'),
(1145, 221, 18, 'Học phí môn Lý Thuyết Tài Chính', 900000.00, NULL, '2024-12-25 23:52:41'),
(1146, 222, 18, 'Học phí môn Lý Thuyết Tài Chính', 900000.00, NULL, '2024-12-25 23:52:41'),
(1147, 223, 18, 'Học phí môn Lý Thuyết Tài Chính', 900000.00, NULL, '2024-12-25 23:52:41'),
(1148, 224, 18, 'Học phí môn Lý Thuyết Tài Chính', 900000.00, NULL, '2024-12-25 23:52:41'),
(1149, 225, 18, 'Học phí môn Lý Thuyết Tài Chính', 900000.00, NULL, '2024-12-25 23:52:41'),
(1150, 226, 18, 'Học phí môn Lý Thuyết Tài Chính', 900000.00, NULL, '2024-12-25 23:52:41'),
(1151, 227, 18, 'Học phí môn Lý Thuyết Tài Chính', 900000.00, NULL, '2024-12-25 23:52:41'),
(1152, 228, 18, 'Học phí môn Lý Thuyết Tài Chính', 900000.00, NULL, '2024-12-25 23:52:41'),
(1183, 190, 19, 'Học phí môn Đầu Tư Tài Chính', 900000.00, NULL, '2024-12-25 23:52:41'),
(1184, 191, 19, 'Học phí môn Đầu Tư Tài Chính', 900000.00, NULL, '2024-12-25 23:52:41'),
(1185, 192, 19, 'Học phí môn Đầu Tư Tài Chính', 900000.00, NULL, '2024-12-25 23:52:41'),
(1186, 193, 19, 'Học phí môn Đầu Tư Tài Chính', 900000.00, NULL, '2024-12-25 23:52:41'),
(1187, 194, 19, 'Học phí môn Đầu Tư Tài Chính', 900000.00, NULL, '2024-12-25 23:52:41'),
(1188, 195, 19, 'Học phí môn Đầu Tư Tài Chính', 900000.00, NULL, '2024-12-25 23:52:41'),
(1189, 196, 19, 'Học phí môn Đầu Tư Tài Chính', 900000.00, NULL, '2024-12-25 23:52:41'),
(1190, 197, 19, 'Học phí môn Đầu Tư Tài Chính', 900000.00, NULL, '2024-12-25 23:52:41'),
(1191, 198, 19, 'Học phí môn Đầu Tư Tài Chính', 900000.00, NULL, '2024-12-25 23:52:41'),
(1192, 199, 19, 'Học phí môn Đầu Tư Tài Chính', 900000.00, NULL, '2024-12-25 23:52:41'),
(1193, 200, 19, 'Học phí môn Đầu Tư Tài Chính', 900000.00, NULL, '2024-12-25 23:52:41'),
(1194, 201, 19, 'Học phí môn Đầu Tư Tài Chính', 900000.00, NULL, '2024-12-25 23:52:41'),
(1195, 202, 19, 'Học phí môn Đầu Tư Tài Chính', 900000.00, NULL, '2024-12-25 23:52:41'),
(1196, 203, 19, 'Học phí môn Đầu Tư Tài Chính', 900000.00, NULL, '2024-12-25 23:52:41'),
(1197, 204, 19, 'Học phí môn Đầu Tư Tài Chính', 900000.00, NULL, '2024-12-25 23:52:41'),
(1198, 205, 19, 'Học phí môn Đầu Tư Tài Chính', 900000.00, NULL, '2024-12-25 23:52:41'),
(1199, 206, 19, 'Học phí môn Đầu Tư Tài Chính', 900000.00, NULL, '2024-12-25 23:52:41'),
(1200, 207, 19, 'Học phí môn Đầu Tư Tài Chính', 900000.00, NULL, '2024-12-25 23:52:41'),
(1201, 208, 19, 'Học phí môn Đầu Tư Tài Chính', 900000.00, NULL, '2024-12-25 23:52:41'),
(1202, 209, 19, 'Học phí môn Đầu Tư Tài Chính', 900000.00, NULL, '2024-12-25 23:52:41'),
(1203, 210, 19, 'Học phí môn Đầu Tư Tài Chính', 900000.00, NULL, '2024-12-25 23:52:41'),
(1204, 211, 19, 'Học phí môn Đầu Tư Tài Chính', 900000.00, NULL, '2024-12-25 23:52:41'),
(1205, 212, 19, 'Học phí môn Đầu Tư Tài Chính', 900000.00, NULL, '2024-12-25 23:52:41'),
(1206, 213, 19, 'Học phí môn Đầu Tư Tài Chính', 900000.00, NULL, '2024-12-25 23:52:41'),
(1207, 214, 19, 'Học phí môn Đầu Tư Tài Chính', 900000.00, NULL, '2024-12-25 23:52:41'),
(1208, 215, 19, 'Học phí môn Đầu Tư Tài Chính', 900000.00, NULL, '2024-12-25 23:52:41'),
(1209, 216, 19, 'Học phí môn Đầu Tư Tài Chính', 900000.00, NULL, '2024-12-25 23:52:41'),
(1210, 217, 19, 'Học phí môn Đầu Tư Tài Chính', 900000.00, NULL, '2024-12-25 23:52:41'),
(1211, 218, 19, 'Học phí môn Đầu Tư Tài Chính', 900000.00, NULL, '2024-12-25 23:52:41'),
(1212, 219, 19, 'Học phí môn Đầu Tư Tài Chính', 900000.00, NULL, '2024-12-25 23:52:41'),
(1213, 220, 19, 'Học phí môn Đầu Tư Tài Chính', 900000.00, NULL, '2024-12-25 23:52:41'),
(1214, 221, 19, 'Học phí môn Đầu Tư Tài Chính', 900000.00, NULL, '2024-12-25 23:52:41'),
(1215, 222, 19, 'Học phí môn Đầu Tư Tài Chính', 900000.00, NULL, '2024-12-25 23:52:41'),
(1216, 223, 19, 'Học phí môn Đầu Tư Tài Chính', 900000.00, NULL, '2024-12-25 23:52:41'),
(1217, 224, 19, 'Học phí môn Đầu Tư Tài Chính', 900000.00, NULL, '2024-12-25 23:52:41'),
(1218, 225, 19, 'Học phí môn Đầu Tư Tài Chính', 900000.00, NULL, '2024-12-25 23:52:41'),
(1219, 226, 19, 'Học phí môn Đầu Tư Tài Chính', 900000.00, NULL, '2024-12-25 23:52:41'),
(1220, 227, 19, 'Học phí môn Đầu Tư Tài Chính', 900000.00, NULL, '2024-12-25 23:52:41'),
(1221, 228, 19, 'Học phí môn Đầu Tư Tài Chính', 900000.00, NULL, '2024-12-25 23:52:41'),
(1252, 190, 20, 'Học phí môn Pháp Luật Kinh Tế', 900000.00, NULL, '2024-12-25 23:52:41'),
(1253, 191, 20, 'Học phí môn Pháp Luật Kinh Tế', 900000.00, NULL, '2024-12-25 23:52:41'),
(1254, 192, 20, 'Học phí môn Pháp Luật Kinh Tế', 900000.00, NULL, '2024-12-25 23:52:41'),
(1255, 193, 20, 'Học phí môn Pháp Luật Kinh Tế', 900000.00, NULL, '2024-12-25 23:52:41'),
(1256, 194, 20, 'Học phí môn Pháp Luật Kinh Tế', 900000.00, NULL, '2024-12-25 23:52:41'),
(1257, 195, 20, 'Học phí môn Pháp Luật Kinh Tế', 900000.00, NULL, '2024-12-25 23:52:41'),
(1258, 196, 20, 'Học phí môn Pháp Luật Kinh Tế', 900000.00, NULL, '2024-12-25 23:52:41'),
(1259, 197, 20, 'Học phí môn Pháp Luật Kinh Tế', 900000.00, NULL, '2024-12-25 23:52:41'),
(1260, 198, 20, 'Học phí môn Pháp Luật Kinh Tế', 900000.00, NULL, '2024-12-25 23:52:41'),
(1261, 199, 20, 'Học phí môn Pháp Luật Kinh Tế', 900000.00, NULL, '2024-12-25 23:52:41'),
(1262, 200, 20, 'Học phí môn Pháp Luật Kinh Tế', 900000.00, NULL, '2024-12-25 23:52:41'),
(1263, 201, 20, 'Học phí môn Pháp Luật Kinh Tế', 900000.00, NULL, '2024-12-25 23:52:41'),
(1264, 202, 20, 'Học phí môn Pháp Luật Kinh Tế', 900000.00, NULL, '2024-12-25 23:52:41'),
(1265, 203, 20, 'Học phí môn Pháp Luật Kinh Tế', 900000.00, NULL, '2024-12-25 23:52:41'),
(1266, 204, 20, 'Học phí môn Pháp Luật Kinh Tế', 900000.00, NULL, '2024-12-25 23:52:41'),
(1267, 205, 20, 'Học phí môn Pháp Luật Kinh Tế', 900000.00, NULL, '2024-12-25 23:52:41'),
(1268, 206, 20, 'Học phí môn Pháp Luật Kinh Tế', 900000.00, NULL, '2024-12-25 23:52:41'),
(1269, 207, 20, 'Học phí môn Pháp Luật Kinh Tế', 900000.00, NULL, '2024-12-25 23:52:41'),
(1270, 208, 20, 'Học phí môn Pháp Luật Kinh Tế', 900000.00, NULL, '2024-12-25 23:52:41'),
(1271, 209, 20, 'Học phí môn Pháp Luật Kinh Tế', 900000.00, NULL, '2024-12-25 23:52:41'),
(1272, 210, 20, 'Học phí môn Pháp Luật Kinh Tế', 900000.00, NULL, '2024-12-25 23:52:41'),
(1273, 211, 20, 'Học phí môn Pháp Luật Kinh Tế', 900000.00, NULL, '2024-12-25 23:52:41'),
(1274, 212, 20, 'Học phí môn Pháp Luật Kinh Tế', 900000.00, NULL, '2024-12-25 23:52:41'),
(1275, 213, 20, 'Học phí môn Pháp Luật Kinh Tế', 900000.00, NULL, '2024-12-25 23:52:41'),
(1276, 214, 20, 'Học phí môn Pháp Luật Kinh Tế', 900000.00, NULL, '2024-12-25 23:52:41'),
(1277, 215, 20, 'Học phí môn Pháp Luật Kinh Tế', 900000.00, NULL, '2024-12-25 23:52:41'),
(1278, 216, 20, 'Học phí môn Pháp Luật Kinh Tế', 900000.00, NULL, '2024-12-25 23:52:41'),
(1279, 217, 20, 'Học phí môn Pháp Luật Kinh Tế', 900000.00, NULL, '2024-12-25 23:52:41'),
(1280, 218, 20, 'Học phí môn Pháp Luật Kinh Tế', 900000.00, NULL, '2024-12-25 23:52:41'),
(1281, 219, 20, 'Học phí môn Pháp Luật Kinh Tế', 900000.00, NULL, '2024-12-25 23:52:41'),
(1282, 220, 20, 'Học phí môn Pháp Luật Kinh Tế', 900000.00, NULL, '2024-12-25 23:52:41'),
(1283, 221, 20, 'Học phí môn Pháp Luật Kinh Tế', 900000.00, NULL, '2024-12-25 23:52:41'),
(1284, 222, 20, 'Học phí môn Pháp Luật Kinh Tế', 900000.00, NULL, '2024-12-25 23:52:41'),
(1285, 223, 20, 'Học phí môn Pháp Luật Kinh Tế', 900000.00, NULL, '2024-12-25 23:52:41'),
(1286, 224, 20, 'Học phí môn Pháp Luật Kinh Tế', 900000.00, NULL, '2024-12-25 23:52:41'),
(1287, 225, 20, 'Học phí môn Pháp Luật Kinh Tế', 900000.00, NULL, '2024-12-25 23:52:41'),
(1288, 226, 20, 'Học phí môn Pháp Luật Kinh Tế', 900000.00, NULL, '2024-12-25 23:52:41'),
(1289, 227, 20, 'Học phí môn Pháp Luật Kinh Tế', 900000.00, NULL, '2024-12-25 23:52:41'),
(1290, 228, 20, 'Học phí môn Pháp Luật Kinh Tế', 900000.00, NULL, '2024-12-25 23:52:41'),
(1321, 190, 21, 'Học phí môn Y Học Cơ Sở', 1200000.00, NULL, '2024-12-25 23:52:41'),
(1322, 191, 21, 'Học phí môn Y Học Cơ Sở', 1200000.00, NULL, '2024-12-25 23:52:41'),
(1323, 192, 21, 'Học phí môn Y Học Cơ Sở', 1200000.00, NULL, '2024-12-25 23:52:41'),
(1324, 193, 21, 'Học phí môn Y Học Cơ Sở', 1200000.00, NULL, '2024-12-25 23:52:41'),
(1325, 194, 21, 'Học phí môn Y Học Cơ Sở', 1200000.00, NULL, '2024-12-25 23:52:41'),
(1326, 195, 21, 'Học phí môn Y Học Cơ Sở', 1200000.00, NULL, '2024-12-25 23:52:41'),
(1327, 196, 21, 'Học phí môn Y Học Cơ Sở', 1200000.00, NULL, '2024-12-25 23:52:41'),
(1328, 197, 21, 'Học phí môn Y Học Cơ Sở', 1200000.00, NULL, '2024-12-25 23:52:41'),
(1329, 198, 21, 'Học phí môn Y Học Cơ Sở', 1200000.00, NULL, '2024-12-25 23:52:41'),
(1330, 199, 21, 'Học phí môn Y Học Cơ Sở', 1200000.00, NULL, '2024-12-25 23:52:41'),
(1331, 200, 21, 'Học phí môn Y Học Cơ Sở', 1200000.00, NULL, '2024-12-25 23:52:41'),
(1332, 201, 21, 'Học phí môn Y Học Cơ Sở', 1200000.00, NULL, '2024-12-25 23:52:41'),
(1333, 202, 21, 'Học phí môn Y Học Cơ Sở', 1200000.00, NULL, '2024-12-25 23:52:41'),
(1334, 203, 21, 'Học phí môn Y Học Cơ Sở', 1200000.00, NULL, '2024-12-25 23:52:41'),
(1335, 204, 21, 'Học phí môn Y Học Cơ Sở', 1200000.00, NULL, '2024-12-25 23:52:41'),
(1336, 205, 21, 'Học phí môn Y Học Cơ Sở', 1200000.00, NULL, '2024-12-25 23:52:41'),
(1337, 206, 21, 'Học phí môn Y Học Cơ Sở', 1200000.00, NULL, '2024-12-25 23:52:41'),
(1338, 207, 21, 'Học phí môn Y Học Cơ Sở', 1200000.00, NULL, '2024-12-25 23:52:41'),
(1339, 208, 21, 'Học phí môn Y Học Cơ Sở', 1200000.00, NULL, '2024-12-25 23:52:41'),
(1340, 209, 21, 'Học phí môn Y Học Cơ Sở', 1200000.00, NULL, '2024-12-25 23:52:41'),
(1341, 210, 21, 'Học phí môn Y Học Cơ Sở', 1200000.00, NULL, '2024-12-25 23:52:41'),
(1342, 211, 21, 'Học phí môn Y Học Cơ Sở', 1200000.00, NULL, '2024-12-25 23:52:41'),
(1343, 212, 21, 'Học phí môn Y Học Cơ Sở', 1200000.00, NULL, '2024-12-25 23:52:41'),
(1344, 213, 21, 'Học phí môn Y Học Cơ Sở', 1200000.00, NULL, '2024-12-25 23:52:41'),
(1345, 214, 21, 'Học phí môn Y Học Cơ Sở', 1200000.00, NULL, '2024-12-25 23:52:41'),
(1346, 215, 21, 'Học phí môn Y Học Cơ Sở', 1200000.00, NULL, '2024-12-25 23:52:41'),
(1347, 216, 21, 'Học phí môn Y Học Cơ Sở', 1200000.00, NULL, '2024-12-25 23:52:41'),
(1348, 217, 21, 'Học phí môn Y Học Cơ Sở', 1200000.00, NULL, '2024-12-25 23:52:41'),
(1349, 218, 21, 'Học phí môn Y Học Cơ Sở', 1200000.00, NULL, '2024-12-25 23:52:41'),
(1350, 219, 21, 'Học phí môn Y Học Cơ Sở', 1200000.00, NULL, '2024-12-25 23:52:41'),
(1351, 220, 21, 'Học phí môn Y Học Cơ Sở', 1200000.00, NULL, '2024-12-25 23:52:41'),
(1352, 221, 21, 'Học phí môn Y Học Cơ Sở', 1200000.00, NULL, '2024-12-25 23:52:41'),
(1353, 222, 21, 'Học phí môn Y Học Cơ Sở', 1200000.00, NULL, '2024-12-25 23:52:41'),
(1354, 223, 21, 'Học phí môn Y Học Cơ Sở', 1200000.00, NULL, '2024-12-25 23:52:41'),
(1355, 224, 21, 'Học phí môn Y Học Cơ Sở', 1200000.00, NULL, '2024-12-25 23:52:41'),
(1356, 225, 21, 'Học phí môn Y Học Cơ Sở', 1200000.00, NULL, '2024-12-25 23:52:41'),
(1357, 226, 21, 'Học phí môn Y Học Cơ Sở', 1200000.00, NULL, '2024-12-25 23:52:41'),
(1358, 227, 21, 'Học phí môn Y Học Cơ Sở', 1200000.00, NULL, '2024-12-25 23:52:41'),
(1359, 228, 21, 'Học phí môn Y Học Cơ Sở', 1200000.00, NULL, '2024-12-25 23:52:41'),
(1390, 190, 22, 'Học phí môn Sinh Lý Học', 900000.00, NULL, '2024-12-25 23:52:41'),
(1391, 191, 22, 'Học phí môn Sinh Lý Học', 900000.00, NULL, '2024-12-25 23:52:41'),
(1392, 192, 22, 'Học phí môn Sinh Lý Học', 900000.00, NULL, '2024-12-25 23:52:41'),
(1393, 193, 22, 'Học phí môn Sinh Lý Học', 900000.00, NULL, '2024-12-25 23:52:41'),
(1394, 194, 22, 'Học phí môn Sinh Lý Học', 900000.00, NULL, '2024-12-25 23:52:41'),
(1395, 195, 22, 'Học phí môn Sinh Lý Học', 900000.00, NULL, '2024-12-25 23:52:41'),
(1396, 196, 22, 'Học phí môn Sinh Lý Học', 900000.00, NULL, '2024-12-25 23:52:41'),
(1397, 197, 22, 'Học phí môn Sinh Lý Học', 900000.00, NULL, '2024-12-25 23:52:41'),
(1398, 198, 22, 'Học phí môn Sinh Lý Học', 900000.00, NULL, '2024-12-25 23:52:41'),
(1399, 199, 22, 'Học phí môn Sinh Lý Học', 900000.00, NULL, '2024-12-25 23:52:41'),
(1400, 200, 22, 'Học phí môn Sinh Lý Học', 900000.00, NULL, '2024-12-25 23:52:41'),
(1401, 201, 22, 'Học phí môn Sinh Lý Học', 900000.00, NULL, '2024-12-25 23:52:41'),
(1402, 202, 22, 'Học phí môn Sinh Lý Học', 900000.00, NULL, '2024-12-25 23:52:41'),
(1403, 203, 22, 'Học phí môn Sinh Lý Học', 900000.00, NULL, '2024-12-25 23:52:41'),
(1404, 204, 22, 'Học phí môn Sinh Lý Học', 900000.00, NULL, '2024-12-25 23:52:41'),
(1405, 205, 22, 'Học phí môn Sinh Lý Học', 900000.00, NULL, '2024-12-25 23:52:41'),
(1406, 206, 22, 'Học phí môn Sinh Lý Học', 900000.00, NULL, '2024-12-25 23:52:41'),
(1407, 207, 22, 'Học phí môn Sinh Lý Học', 900000.00, NULL, '2024-12-25 23:52:41'),
(1408, 208, 22, 'Học phí môn Sinh Lý Học', 900000.00, NULL, '2024-12-25 23:52:41'),
(1409, 209, 22, 'Học phí môn Sinh Lý Học', 900000.00, NULL, '2024-12-25 23:52:41'),
(1410, 210, 22, 'Học phí môn Sinh Lý Học', 900000.00, NULL, '2024-12-25 23:52:41'),
(1411, 211, 22, 'Học phí môn Sinh Lý Học', 900000.00, NULL, '2024-12-25 23:52:41'),
(1412, 212, 22, 'Học phí môn Sinh Lý Học', 900000.00, NULL, '2024-12-25 23:52:41'),
(1413, 213, 22, 'Học phí môn Sinh Lý Học', 900000.00, NULL, '2024-12-25 23:52:41'),
(1414, 214, 22, 'Học phí môn Sinh Lý Học', 900000.00, NULL, '2024-12-25 23:52:41'),
(1415, 215, 22, 'Học phí môn Sinh Lý Học', 900000.00, NULL, '2024-12-25 23:52:41'),
(1416, 216, 22, 'Học phí môn Sinh Lý Học', 900000.00, NULL, '2024-12-25 23:52:41'),
(1417, 217, 22, 'Học phí môn Sinh Lý Học', 900000.00, NULL, '2024-12-25 23:52:41'),
(1418, 218, 22, 'Học phí môn Sinh Lý Học', 900000.00, NULL, '2024-12-25 23:52:41'),
(1419, 219, 22, 'Học phí môn Sinh Lý Học', 900000.00, NULL, '2024-12-25 23:52:41'),
(1420, 220, 22, 'Học phí môn Sinh Lý Học', 900000.00, NULL, '2024-12-25 23:52:41'),
(1421, 221, 22, 'Học phí môn Sinh Lý Học', 900000.00, NULL, '2024-12-25 23:52:41'),
(1422, 222, 22, 'Học phí môn Sinh Lý Học', 900000.00, NULL, '2024-12-25 23:52:41'),
(1423, 223, 22, 'Học phí môn Sinh Lý Học', 900000.00, NULL, '2024-12-25 23:52:41'),
(1424, 224, 22, 'Học phí môn Sinh Lý Học', 900000.00, NULL, '2024-12-25 23:52:41'),
(1425, 225, 22, 'Học phí môn Sinh Lý Học', 900000.00, NULL, '2024-12-25 23:52:41'),
(1426, 226, 22, 'Học phí môn Sinh Lý Học', 900000.00, NULL, '2024-12-25 23:52:41'),
(1427, 227, 22, 'Học phí môn Sinh Lý Học', 900000.00, NULL, '2024-12-25 23:52:41'),
(1428, 228, 22, 'Học phí môn Sinh Lý Học', 900000.00, NULL, '2024-12-25 23:52:41'),
(1459, 190, 23, 'Học phí môn Dược Học Cơ Sở', 900000.00, NULL, '2024-12-25 23:52:41'),
(1460, 191, 23, 'Học phí môn Dược Học Cơ Sở', 900000.00, NULL, '2024-12-25 23:52:41'),
(1461, 192, 23, 'Học phí môn Dược Học Cơ Sở', 900000.00, NULL, '2024-12-25 23:52:41'),
(1462, 193, 23, 'Học phí môn Dược Học Cơ Sở', 900000.00, NULL, '2024-12-25 23:52:41'),
(1463, 194, 23, 'Học phí môn Dược Học Cơ Sở', 900000.00, NULL, '2024-12-25 23:52:41'),
(1464, 195, 23, 'Học phí môn Dược Học Cơ Sở', 900000.00, NULL, '2024-12-25 23:52:41'),
(1465, 196, 23, 'Học phí môn Dược Học Cơ Sở', 900000.00, NULL, '2024-12-25 23:52:41'),
(1466, 197, 23, 'Học phí môn Dược Học Cơ Sở', 900000.00, NULL, '2024-12-25 23:52:41'),
(1467, 198, 23, 'Học phí môn Dược Học Cơ Sở', 900000.00, NULL, '2024-12-25 23:52:41'),
(1468, 199, 23, 'Học phí môn Dược Học Cơ Sở', 900000.00, NULL, '2024-12-25 23:52:41'),
(1469, 200, 23, 'Học phí môn Dược Học Cơ Sở', 900000.00, NULL, '2024-12-25 23:52:41'),
(1470, 201, 23, 'Học phí môn Dược Học Cơ Sở', 900000.00, NULL, '2024-12-25 23:52:41'),
(1471, 202, 23, 'Học phí môn Dược Học Cơ Sở', 900000.00, NULL, '2024-12-25 23:52:41'),
(1472, 203, 23, 'Học phí môn Dược Học Cơ Sở', 900000.00, NULL, '2024-12-25 23:52:41'),
(1473, 204, 23, 'Học phí môn Dược Học Cơ Sở', 900000.00, NULL, '2024-12-25 23:52:41'),
(1474, 205, 23, 'Học phí môn Dược Học Cơ Sở', 900000.00, NULL, '2024-12-25 23:52:41'),
(1475, 206, 23, 'Học phí môn Dược Học Cơ Sở', 900000.00, NULL, '2024-12-25 23:52:41'),
(1476, 207, 23, 'Học phí môn Dược Học Cơ Sở', 900000.00, NULL, '2024-12-25 23:52:41'),
(1477, 208, 23, 'Học phí môn Dược Học Cơ Sở', 900000.00, NULL, '2024-12-25 23:52:41'),
(1478, 209, 23, 'Học phí môn Dược Học Cơ Sở', 900000.00, NULL, '2024-12-25 23:52:41'),
(1479, 210, 23, 'Học phí môn Dược Học Cơ Sở', 900000.00, NULL, '2024-12-25 23:52:41'),
(1480, 211, 23, 'Học phí môn Dược Học Cơ Sở', 900000.00, NULL, '2024-12-25 23:52:41'),
(1481, 212, 23, 'Học phí môn Dược Học Cơ Sở', 900000.00, NULL, '2024-12-25 23:52:41'),
(1482, 213, 23, 'Học phí môn Dược Học Cơ Sở', 900000.00, NULL, '2024-12-25 23:52:41'),
(1483, 214, 23, 'Học phí môn Dược Học Cơ Sở', 900000.00, NULL, '2024-12-25 23:52:41'),
(1484, 215, 23, 'Học phí môn Dược Học Cơ Sở', 900000.00, NULL, '2024-12-25 23:52:41'),
(1485, 216, 23, 'Học phí môn Dược Học Cơ Sở', 900000.00, NULL, '2024-12-25 23:52:41'),
(1486, 217, 23, 'Học phí môn Dược Học Cơ Sở', 900000.00, NULL, '2024-12-25 23:52:41'),
(1487, 218, 23, 'Học phí môn Dược Học Cơ Sở', 900000.00, NULL, '2024-12-25 23:52:41'),
(1488, 219, 23, 'Học phí môn Dược Học Cơ Sở', 900000.00, NULL, '2024-12-25 23:52:41'),
(1489, 220, 23, 'Học phí môn Dược Học Cơ Sở', 900000.00, NULL, '2024-12-25 23:52:41'),
(1490, 221, 23, 'Học phí môn Dược Học Cơ Sở', 900000.00, NULL, '2024-12-25 23:52:41'),
(1491, 222, 23, 'Học phí môn Dược Học Cơ Sở', 900000.00, NULL, '2024-12-25 23:52:41'),
(1492, 223, 23, 'Học phí môn Dược Học Cơ Sở', 900000.00, NULL, '2024-12-25 23:52:41'),
(1493, 224, 23, 'Học phí môn Dược Học Cơ Sở', 900000.00, NULL, '2024-12-25 23:52:41'),
(1494, 225, 23, 'Học phí môn Dược Học Cơ Sở', 900000.00, NULL, '2024-12-25 23:52:41'),
(1495, 226, 23, 'Học phí môn Dược Học Cơ Sở', 900000.00, NULL, '2024-12-25 23:52:41'),
(1496, 227, 23, 'Học phí môn Dược Học Cơ Sở', 900000.00, NULL, '2024-12-25 23:52:41'),
(1497, 228, 23, 'Học phí môn Dược Học Cơ Sở', 900000.00, NULL, '2024-12-25 23:52:41'),
(1528, 190, 24, 'Học phí môn Chẩn Đoán Bệnh', 1200000.00, NULL, '2024-12-25 23:52:41'),
(1529, 191, 24, 'Học phí môn Chẩn Đoán Bệnh', 1200000.00, NULL, '2024-12-25 23:52:41'),
(1530, 192, 24, 'Học phí môn Chẩn Đoán Bệnh', 1200000.00, NULL, '2024-12-25 23:52:41'),
(1531, 193, 24, 'Học phí môn Chẩn Đoán Bệnh', 1200000.00, NULL, '2024-12-25 23:52:41'),
(1532, 194, 24, 'Học phí môn Chẩn Đoán Bệnh', 1200000.00, NULL, '2024-12-25 23:52:41'),
(1533, 195, 24, 'Học phí môn Chẩn Đoán Bệnh', 1200000.00, NULL, '2024-12-25 23:52:41'),
(1534, 196, 24, 'Học phí môn Chẩn Đoán Bệnh', 1200000.00, NULL, '2024-12-25 23:52:41'),
(1535, 197, 24, 'Học phí môn Chẩn Đoán Bệnh', 1200000.00, NULL, '2024-12-25 23:52:41'),
(1536, 198, 24, 'Học phí môn Chẩn Đoán Bệnh', 1200000.00, NULL, '2024-12-25 23:52:41'),
(1537, 199, 24, 'Học phí môn Chẩn Đoán Bệnh', 1200000.00, NULL, '2024-12-25 23:52:41'),
(1538, 200, 24, 'Học phí môn Chẩn Đoán Bệnh', 1200000.00, NULL, '2024-12-25 23:52:41'),
(1539, 201, 24, 'Học phí môn Chẩn Đoán Bệnh', 1200000.00, NULL, '2024-12-25 23:52:41'),
(1540, 202, 24, 'Học phí môn Chẩn Đoán Bệnh', 1200000.00, NULL, '2024-12-25 23:52:41'),
(1541, 203, 24, 'Học phí môn Chẩn Đoán Bệnh', 1200000.00, NULL, '2024-12-25 23:52:41'),
(1542, 204, 24, 'Học phí môn Chẩn Đoán Bệnh', 1200000.00, NULL, '2024-12-25 23:52:41'),
(1543, 205, 24, 'Học phí môn Chẩn Đoán Bệnh', 1200000.00, NULL, '2024-12-25 23:52:41'),
(1544, 206, 24, 'Học phí môn Chẩn Đoán Bệnh', 1200000.00, NULL, '2024-12-25 23:52:41'),
(1545, 207, 24, 'Học phí môn Chẩn Đoán Bệnh', 1200000.00, NULL, '2024-12-25 23:52:41'),
(1546, 208, 24, 'Học phí môn Chẩn Đoán Bệnh', 1200000.00, NULL, '2024-12-25 23:52:41'),
(1547, 209, 24, 'Học phí môn Chẩn Đoán Bệnh', 1200000.00, NULL, '2024-12-25 23:52:41'),
(1548, 210, 24, 'Học phí môn Chẩn Đoán Bệnh', 1200000.00, NULL, '2024-12-25 23:52:41'),
(1549, 211, 24, 'Học phí môn Chẩn Đoán Bệnh', 1200000.00, NULL, '2024-12-25 23:52:41'),
(1550, 212, 24, 'Học phí môn Chẩn Đoán Bệnh', 1200000.00, NULL, '2024-12-25 23:52:41'),
(1551, 213, 24, 'Học phí môn Chẩn Đoán Bệnh', 1200000.00, NULL, '2024-12-25 23:52:41'),
(1552, 214, 24, 'Học phí môn Chẩn Đoán Bệnh', 1200000.00, NULL, '2024-12-25 23:52:41'),
(1553, 215, 24, 'Học phí môn Chẩn Đoán Bệnh', 1200000.00, NULL, '2024-12-25 23:52:41'),
(1554, 216, 24, 'Học phí môn Chẩn Đoán Bệnh', 1200000.00, NULL, '2024-12-25 23:52:41'),
(1555, 217, 24, 'Học phí môn Chẩn Đoán Bệnh', 1200000.00, NULL, '2024-12-25 23:52:41'),
(1556, 218, 24, 'Học phí môn Chẩn Đoán Bệnh', 1200000.00, NULL, '2024-12-25 23:52:41'),
(1557, 219, 24, 'Học phí môn Chẩn Đoán Bệnh', 1200000.00, NULL, '2024-12-25 23:52:41'),
(1558, 220, 24, 'Học phí môn Chẩn Đoán Bệnh', 1200000.00, NULL, '2024-12-25 23:52:41'),
(1559, 221, 24, 'Học phí môn Chẩn Đoán Bệnh', 1200000.00, NULL, '2024-12-25 23:52:41'),
(1560, 222, 24, 'Học phí môn Chẩn Đoán Bệnh', 1200000.00, NULL, '2024-12-25 23:52:41'),
(1561, 223, 24, 'Học phí môn Chẩn Đoán Bệnh', 1200000.00, NULL, '2024-12-25 23:52:41'),
(1562, 224, 24, 'Học phí môn Chẩn Đoán Bệnh', 1200000.00, NULL, '2024-12-25 23:52:41'),
(1563, 225, 24, 'Học phí môn Chẩn Đoán Bệnh', 1200000.00, NULL, '2024-12-25 23:52:41'),
(1564, 226, 24, 'Học phí môn Chẩn Đoán Bệnh', 1200000.00, NULL, '2024-12-25 23:52:41'),
(1565, 227, 24, 'Học phí môn Chẩn Đoán Bệnh', 1200000.00, NULL, '2024-12-25 23:52:41'),
(1566, 228, 24, 'Học phí môn Chẩn Đoán Bệnh', 1200000.00, NULL, '2024-12-25 23:52:41'),
(1597, 190, 25, 'Học phí môn Điều Dưỡng', 900000.00, NULL, '2024-12-25 23:52:41'),
(1598, 191, 25, 'Học phí môn Điều Dưỡng', 900000.00, NULL, '2024-12-25 23:52:41'),
(1599, 192, 25, 'Học phí môn Điều Dưỡng', 900000.00, NULL, '2024-12-25 23:52:41'),
(1600, 193, 25, 'Học phí môn Điều Dưỡng', 900000.00, NULL, '2024-12-25 23:52:41'),
(1601, 194, 25, 'Học phí môn Điều Dưỡng', 900000.00, NULL, '2024-12-25 23:52:41'),
(1602, 195, 25, 'Học phí môn Điều Dưỡng', 900000.00, NULL, '2024-12-25 23:52:41'),
(1603, 196, 25, 'Học phí môn Điều Dưỡng', 900000.00, NULL, '2024-12-25 23:52:41'),
(1604, 197, 25, 'Học phí môn Điều Dưỡng', 900000.00, NULL, '2024-12-25 23:52:41'),
(1605, 198, 25, 'Học phí môn Điều Dưỡng', 900000.00, NULL, '2024-12-25 23:52:41'),
(1606, 199, 25, 'Học phí môn Điều Dưỡng', 900000.00, NULL, '2024-12-25 23:52:41'),
(1607, 200, 25, 'Học phí môn Điều Dưỡng', 900000.00, NULL, '2024-12-25 23:52:41'),
(1608, 201, 25, 'Học phí môn Điều Dưỡng', 900000.00, NULL, '2024-12-25 23:52:41'),
(1609, 202, 25, 'Học phí môn Điều Dưỡng', 900000.00, NULL, '2024-12-25 23:52:41'),
(1610, 203, 25, 'Học phí môn Điều Dưỡng', 900000.00, NULL, '2024-12-25 23:52:41'),
(1611, 204, 25, 'Học phí môn Điều Dưỡng', 900000.00, NULL, '2024-12-25 23:52:41'),
(1612, 205, 25, 'Học phí môn Điều Dưỡng', 900000.00, NULL, '2024-12-25 23:52:41'),
(1613, 206, 25, 'Học phí môn Điều Dưỡng', 900000.00, NULL, '2024-12-25 23:52:41'),
(1614, 207, 25, 'Học phí môn Điều Dưỡng', 900000.00, NULL, '2024-12-25 23:52:41'),
(1615, 208, 25, 'Học phí môn Điều Dưỡng', 900000.00, NULL, '2024-12-25 23:52:41'),
(1616, 209, 25, 'Học phí môn Điều Dưỡng', 900000.00, NULL, '2024-12-25 23:52:41'),
(1617, 210, 25, 'Học phí môn Điều Dưỡng', 900000.00, NULL, '2024-12-25 23:52:41'),
(1618, 211, 25, 'Học phí môn Điều Dưỡng', 900000.00, NULL, '2024-12-25 23:52:41'),
(1619, 212, 25, 'Học phí môn Điều Dưỡng', 900000.00, NULL, '2024-12-25 23:52:41'),
(1620, 213, 25, 'Học phí môn Điều Dưỡng', 900000.00, NULL, '2024-12-25 23:52:41'),
(1621, 214, 25, 'Học phí môn Điều Dưỡng', 900000.00, NULL, '2024-12-25 23:52:41'),
(1622, 215, 25, 'Học phí môn Điều Dưỡng', 900000.00, NULL, '2024-12-25 23:52:41'),
(1623, 216, 25, 'Học phí môn Điều Dưỡng', 900000.00, NULL, '2024-12-25 23:52:41'),
(1624, 217, 25, 'Học phí môn Điều Dưỡng', 900000.00, NULL, '2024-12-25 23:52:41'),
(1625, 218, 25, 'Học phí môn Điều Dưỡng', 900000.00, NULL, '2024-12-25 23:52:41'),
(1626, 219, 25, 'Học phí môn Điều Dưỡng', 900000.00, NULL, '2024-12-25 23:52:41'),
(1627, 220, 25, 'Học phí môn Điều Dưỡng', 900000.00, NULL, '2024-12-25 23:52:41'),
(1628, 221, 25, 'Học phí môn Điều Dưỡng', 900000.00, NULL, '2024-12-25 23:52:41'),
(1629, 222, 25, 'Học phí môn Điều Dưỡng', 900000.00, NULL, '2024-12-25 23:52:41'),
(1630, 223, 25, 'Học phí môn Điều Dưỡng', 900000.00, NULL, '2024-12-25 23:52:41'),
(1631, 224, 25, 'Học phí môn Điều Dưỡng', 900000.00, NULL, '2024-12-25 23:52:41'),
(1632, 225, 25, 'Học phí môn Điều Dưỡng', 900000.00, NULL, '2024-12-25 23:52:41'),
(1633, 226, 25, 'Học phí môn Điều Dưỡng', 900000.00, NULL, '2024-12-25 23:52:41'),
(1634, 227, 25, 'Học phí môn Điều Dưỡng', 900000.00, NULL, '2024-12-25 23:52:41'),
(1635, 228, 25, 'Học phí môn Điều Dưỡng', 900000.00, NULL, '2024-12-25 23:52:41'),
(1666, 190, 26, 'Học phí môn Vi sinh học Y Dược', 900000.00, NULL, '2024-12-25 23:52:41'),
(1667, 191, 26, 'Học phí môn Vi sinh học Y Dược', 900000.00, NULL, '2024-12-25 23:52:41'),
(1668, 192, 26, 'Học phí môn Vi sinh học Y Dược', 900000.00, NULL, '2024-12-25 23:52:41'),
(1669, 193, 26, 'Học phí môn Vi sinh học Y Dược', 900000.00, NULL, '2024-12-25 23:52:41'),
(1670, 194, 26, 'Học phí môn Vi sinh học Y Dược', 900000.00, NULL, '2024-12-25 23:52:41'),
(1671, 195, 26, 'Học phí môn Vi sinh học Y Dược', 900000.00, NULL, '2024-12-25 23:52:41'),
(1672, 196, 26, 'Học phí môn Vi sinh học Y Dược', 900000.00, NULL, '2024-12-25 23:52:41'),
(1673, 197, 26, 'Học phí môn Vi sinh học Y Dược', 900000.00, NULL, '2024-12-25 23:52:41'),
(1674, 198, 26, 'Học phí môn Vi sinh học Y Dược', 900000.00, NULL, '2024-12-25 23:52:41'),
(1675, 199, 26, 'Học phí môn Vi sinh học Y Dược', 900000.00, NULL, '2024-12-25 23:52:41'),
(1676, 200, 26, 'Học phí môn Vi sinh học Y Dược', 900000.00, NULL, '2024-12-25 23:52:41'),
(1677, 201, 26, 'Học phí môn Vi sinh học Y Dược', 900000.00, NULL, '2024-12-25 23:52:41'),
(1678, 202, 26, 'Học phí môn Vi sinh học Y Dược', 900000.00, NULL, '2024-12-25 23:52:41'),
(1679, 203, 26, 'Học phí môn Vi sinh học Y Dược', 900000.00, NULL, '2024-12-25 23:52:41'),
(1680, 204, 26, 'Học phí môn Vi sinh học Y Dược', 900000.00, NULL, '2024-12-25 23:52:41'),
(1681, 205, 26, 'Học phí môn Vi sinh học Y Dược', 900000.00, NULL, '2024-12-25 23:52:41'),
(1682, 206, 26, 'Học phí môn Vi sinh học Y Dược', 900000.00, NULL, '2024-12-25 23:52:41'),
(1683, 207, 26, 'Học phí môn Vi sinh học Y Dược', 900000.00, NULL, '2024-12-25 23:52:41'),
(1684, 208, 26, 'Học phí môn Vi sinh học Y Dược', 900000.00, NULL, '2024-12-25 23:52:41'),
(1685, 209, 26, 'Học phí môn Vi sinh học Y Dược', 900000.00, NULL, '2024-12-25 23:52:41'),
(1686, 210, 26, 'Học phí môn Vi sinh học Y Dược', 900000.00, NULL, '2024-12-25 23:52:41'),
(1687, 211, 26, 'Học phí môn Vi sinh học Y Dược', 900000.00, NULL, '2024-12-25 23:52:41'),
(1688, 212, 26, 'Học phí môn Vi sinh học Y Dược', 900000.00, NULL, '2024-12-25 23:52:41'),
(1689, 213, 26, 'Học phí môn Vi sinh học Y Dược', 900000.00, NULL, '2024-12-25 23:52:41'),
(1690, 214, 26, 'Học phí môn Vi sinh học Y Dược', 900000.00, NULL, '2024-12-25 23:52:41'),
(1691, 215, 26, 'Học phí môn Vi sinh học Y Dược', 900000.00, NULL, '2024-12-25 23:52:41'),
(1692, 216, 26, 'Học phí môn Vi sinh học Y Dược', 900000.00, NULL, '2024-12-25 23:52:41'),
(1693, 217, 26, 'Học phí môn Vi sinh học Y Dược', 900000.00, NULL, '2024-12-25 23:52:41'),
(1694, 218, 26, 'Học phí môn Vi sinh học Y Dược', 900000.00, NULL, '2024-12-25 23:52:41'),
(1695, 219, 26, 'Học phí môn Vi sinh học Y Dược', 900000.00, NULL, '2024-12-25 23:52:41'),
(1696, 220, 26, 'Học phí môn Vi sinh học Y Dược', 900000.00, NULL, '2024-12-25 23:52:41'),
(1697, 221, 26, 'Học phí môn Vi sinh học Y Dược', 900000.00, NULL, '2024-12-25 23:52:41'),
(1698, 222, 26, 'Học phí môn Vi sinh học Y Dược', 900000.00, NULL, '2024-12-25 23:52:41'),
(1699, 223, 26, 'Học phí môn Vi sinh học Y Dược', 900000.00, NULL, '2024-12-25 23:52:41'),
(1700, 224, 26, 'Học phí môn Vi sinh học Y Dược', 900000.00, NULL, '2024-12-25 23:52:41'),
(1701, 225, 26, 'Học phí môn Vi sinh học Y Dược', 900000.00, NULL, '2024-12-25 23:52:41'),
(1702, 226, 26, 'Học phí môn Vi sinh học Y Dược', 900000.00, NULL, '2024-12-25 23:52:41'),
(1703, 227, 26, 'Học phí môn Vi sinh học Y Dược', 900000.00, NULL, '2024-12-25 23:52:41'),
(1704, 228, 26, 'Học phí môn Vi sinh học Y Dược', 900000.00, NULL, '2024-12-25 23:52:41'),
(1735, 190, 27, 'Học phí môn Răng Hàm Mặt', 900000.00, NULL, '2024-12-25 23:52:41'),
(1736, 191, 27, 'Học phí môn Răng Hàm Mặt', 900000.00, NULL, '2024-12-25 23:52:41'),
(1737, 192, 27, 'Học phí môn Răng Hàm Mặt', 900000.00, NULL, '2024-12-25 23:52:41'),
(1738, 193, 27, 'Học phí môn Răng Hàm Mặt', 900000.00, NULL, '2024-12-25 23:52:41'),
(1739, 194, 27, 'Học phí môn Răng Hàm Mặt', 900000.00, NULL, '2024-12-25 23:52:41'),
(1740, 195, 27, 'Học phí môn Răng Hàm Mặt', 900000.00, NULL, '2024-12-25 23:52:41'),
(1741, 196, 27, 'Học phí môn Răng Hàm Mặt', 900000.00, NULL, '2024-12-25 23:52:41'),
(1742, 197, 27, 'Học phí môn Răng Hàm Mặt', 900000.00, NULL, '2024-12-25 23:52:41'),
(1743, 198, 27, 'Học phí môn Răng Hàm Mặt', 900000.00, NULL, '2024-12-25 23:52:41'),
(1744, 199, 27, 'Học phí môn Răng Hàm Mặt', 900000.00, NULL, '2024-12-25 23:52:41'),
(1745, 200, 27, 'Học phí môn Răng Hàm Mặt', 900000.00, NULL, '2024-12-25 23:52:41'),
(1746, 201, 27, 'Học phí môn Răng Hàm Mặt', 900000.00, NULL, '2024-12-25 23:52:41'),
(1747, 202, 27, 'Học phí môn Răng Hàm Mặt', 900000.00, NULL, '2024-12-25 23:52:41'),
(1748, 203, 27, 'Học phí môn Răng Hàm Mặt', 900000.00, NULL, '2024-12-25 23:52:41'),
(1749, 204, 27, 'Học phí môn Răng Hàm Mặt', 900000.00, NULL, '2024-12-25 23:52:41'),
(1750, 205, 27, 'Học phí môn Răng Hàm Mặt', 900000.00, NULL, '2024-12-25 23:52:41'),
(1751, 206, 27, 'Học phí môn Răng Hàm Mặt', 900000.00, NULL, '2024-12-25 23:52:41'),
(1752, 207, 27, 'Học phí môn Răng Hàm Mặt', 900000.00, NULL, '2024-12-25 23:52:41'),
(1753, 208, 27, 'Học phí môn Răng Hàm Mặt', 900000.00, NULL, '2024-12-25 23:52:41'),
(1754, 209, 27, 'Học phí môn Răng Hàm Mặt', 900000.00, NULL, '2024-12-25 23:52:41'),
(1755, 210, 27, 'Học phí môn Răng Hàm Mặt', 900000.00, NULL, '2024-12-25 23:52:41'),
(1756, 211, 27, 'Học phí môn Răng Hàm Mặt', 900000.00, NULL, '2024-12-25 23:52:41'),
(1757, 212, 27, 'Học phí môn Răng Hàm Mặt', 900000.00, NULL, '2024-12-25 23:52:41'),
(1758, 213, 27, 'Học phí môn Răng Hàm Mặt', 900000.00, NULL, '2024-12-25 23:52:41'),
(1759, 214, 27, 'Học phí môn Răng Hàm Mặt', 900000.00, NULL, '2024-12-25 23:52:41'),
(1760, 215, 27, 'Học phí môn Răng Hàm Mặt', 900000.00, NULL, '2024-12-25 23:52:41'),
(1761, 216, 27, 'Học phí môn Răng Hàm Mặt', 900000.00, NULL, '2024-12-25 23:52:41'),
(1762, 217, 27, 'Học phí môn Răng Hàm Mặt', 900000.00, NULL, '2024-12-25 23:52:41'),
(1763, 218, 27, 'Học phí môn Răng Hàm Mặt', 900000.00, NULL, '2024-12-25 23:52:41'),
(1764, 219, 27, 'Học phí môn Răng Hàm Mặt', 900000.00, NULL, '2024-12-25 23:52:41'),
(1765, 220, 27, 'Học phí môn Răng Hàm Mặt', 900000.00, NULL, '2024-12-25 23:52:41'),
(1766, 221, 27, 'Học phí môn Răng Hàm Mặt', 900000.00, NULL, '2024-12-25 23:52:41'),
(1767, 222, 27, 'Học phí môn Răng Hàm Mặt', 900000.00, NULL, '2024-12-25 23:52:41'),
(1768, 223, 27, 'Học phí môn Răng Hàm Mặt', 900000.00, NULL, '2024-12-25 23:52:41'),
(1769, 224, 27, 'Học phí môn Răng Hàm Mặt', 900000.00, NULL, '2024-12-25 23:52:41'),
(1770, 225, 27, 'Học phí môn Răng Hàm Mặt', 900000.00, NULL, '2024-12-25 23:52:41'),
(1771, 226, 27, 'Học phí môn Răng Hàm Mặt', 900000.00, NULL, '2024-12-25 23:52:41'),
(1772, 227, 27, 'Học phí môn Răng Hàm Mặt', 900000.00, NULL, '2024-12-25 23:52:41'),
(1773, 228, 27, 'Học phí môn Răng Hàm Mặt', 900000.00, NULL, '2024-12-25 23:52:41'),
(1804, 190, 28, 'Học phí môn Sức Khỏe Cộng Đồng', 1200000.00, NULL, '2024-12-25 23:52:41'),
(1805, 191, 28, 'Học phí môn Sức Khỏe Cộng Đồng', 1200000.00, NULL, '2024-12-25 23:52:41'),
(1806, 192, 28, 'Học phí môn Sức Khỏe Cộng Đồng', 1200000.00, NULL, '2024-12-25 23:52:41'),
(1807, 193, 28, 'Học phí môn Sức Khỏe Cộng Đồng', 1200000.00, NULL, '2024-12-25 23:52:41'),
(1808, 194, 28, 'Học phí môn Sức Khỏe Cộng Đồng', 1200000.00, NULL, '2024-12-25 23:52:41'),
(1809, 195, 28, 'Học phí môn Sức Khỏe Cộng Đồng', 1200000.00, NULL, '2024-12-25 23:52:41'),
(1810, 196, 28, 'Học phí môn Sức Khỏe Cộng Đồng', 1200000.00, NULL, '2024-12-25 23:52:41'),
(1811, 197, 28, 'Học phí môn Sức Khỏe Cộng Đồng', 1200000.00, NULL, '2024-12-25 23:52:41'),
(1812, 198, 28, 'Học phí môn Sức Khỏe Cộng Đồng', 1200000.00, NULL, '2024-12-25 23:52:41'),
(1813, 199, 28, 'Học phí môn Sức Khỏe Cộng Đồng', 1200000.00, NULL, '2024-12-25 23:52:41'),
(1814, 200, 28, 'Học phí môn Sức Khỏe Cộng Đồng', 1200000.00, NULL, '2024-12-25 23:52:41'),
(1815, 201, 28, 'Học phí môn Sức Khỏe Cộng Đồng', 1200000.00, NULL, '2024-12-25 23:52:41'),
(1816, 202, 28, 'Học phí môn Sức Khỏe Cộng Đồng', 1200000.00, NULL, '2024-12-25 23:52:41'),
(1817, 203, 28, 'Học phí môn Sức Khỏe Cộng Đồng', 1200000.00, NULL, '2024-12-25 23:52:41'),
(1818, 204, 28, 'Học phí môn Sức Khỏe Cộng Đồng', 1200000.00, NULL, '2024-12-25 23:52:41'),
(1819, 205, 28, 'Học phí môn Sức Khỏe Cộng Đồng', 1200000.00, NULL, '2024-12-25 23:52:41'),
(1820, 206, 28, 'Học phí môn Sức Khỏe Cộng Đồng', 1200000.00, NULL, '2024-12-25 23:52:41'),
(1821, 207, 28, 'Học phí môn Sức Khỏe Cộng Đồng', 1200000.00, NULL, '2024-12-25 23:52:41'),
(1822, 208, 28, 'Học phí môn Sức Khỏe Cộng Đồng', 1200000.00, NULL, '2024-12-25 23:52:41'),
(1823, 209, 28, 'Học phí môn Sức Khỏe Cộng Đồng', 1200000.00, NULL, '2024-12-25 23:52:41'),
(1824, 210, 28, 'Học phí môn Sức Khỏe Cộng Đồng', 1200000.00, NULL, '2024-12-25 23:52:41'),
(1825, 211, 28, 'Học phí môn Sức Khỏe Cộng Đồng', 1200000.00, NULL, '2024-12-25 23:52:41'),
(1826, 212, 28, 'Học phí môn Sức Khỏe Cộng Đồng', 1200000.00, NULL, '2024-12-25 23:52:41'),
(1827, 213, 28, 'Học phí môn Sức Khỏe Cộng Đồng', 1200000.00, NULL, '2024-12-25 23:52:41'),
(1828, 214, 28, 'Học phí môn Sức Khỏe Cộng Đồng', 1200000.00, NULL, '2024-12-25 23:52:41'),
(1829, 215, 28, 'Học phí môn Sức Khỏe Cộng Đồng', 1200000.00, NULL, '2024-12-25 23:52:41'),
(1830, 216, 28, 'Học phí môn Sức Khỏe Cộng Đồng', 1200000.00, NULL, '2024-12-25 23:52:41'),
(1831, 217, 28, 'Học phí môn Sức Khỏe Cộng Đồng', 1200000.00, NULL, '2024-12-25 23:52:41'),
(1832, 218, 28, 'Học phí môn Sức Khỏe Cộng Đồng', 1200000.00, NULL, '2024-12-25 23:52:41'),
(1833, 219, 28, 'Học phí môn Sức Khỏe Cộng Đồng', 1200000.00, NULL, '2024-12-25 23:52:41'),
(1834, 220, 28, 'Học phí môn Sức Khỏe Cộng Đồng', 1200000.00, NULL, '2024-12-25 23:52:41'),
(1835, 221, 28, 'Học phí môn Sức Khỏe Cộng Đồng', 1200000.00, NULL, '2024-12-25 23:52:41'),
(1836, 222, 28, 'Học phí môn Sức Khỏe Cộng Đồng', 1200000.00, NULL, '2024-12-25 23:52:41'),
(1837, 223, 28, 'Học phí môn Sức Khỏe Cộng Đồng', 1200000.00, NULL, '2024-12-25 23:52:41'),
(1838, 224, 28, 'Học phí môn Sức Khỏe Cộng Đồng', 1200000.00, NULL, '2024-12-25 23:52:41'),
(1839, 225, 28, 'Học phí môn Sức Khỏe Cộng Đồng', 1200000.00, NULL, '2024-12-25 23:52:41'),
(1840, 226, 28, 'Học phí môn Sức Khỏe Cộng Đồng', 1200000.00, NULL, '2024-12-25 23:52:41'),
(1841, 227, 28, 'Học phí môn Sức Khỏe Cộng Đồng', 1200000.00, NULL, '2024-12-25 23:52:41'),
(1842, 228, 28, 'Học phí môn Sức Khỏe Cộng Đồng', 1200000.00, NULL, '2024-12-25 23:52:41'),
(1873, 190, 29, 'Học phí môn Giải Phẫu Học', 900000.00, NULL, '2024-12-25 23:52:41'),
(1874, 191, 29, 'Học phí môn Giải Phẫu Học', 900000.00, NULL, '2024-12-25 23:52:41'),
(1875, 192, 29, 'Học phí môn Giải Phẫu Học', 900000.00, NULL, '2024-12-25 23:52:41'),
(1876, 193, 29, 'Học phí môn Giải Phẫu Học', 900000.00, NULL, '2024-12-25 23:52:41'),
(1877, 194, 29, 'Học phí môn Giải Phẫu Học', 900000.00, NULL, '2024-12-25 23:52:41'),
(1878, 195, 29, 'Học phí môn Giải Phẫu Học', 900000.00, NULL, '2024-12-25 23:52:41'),
(1879, 196, 29, 'Học phí môn Giải Phẫu Học', 900000.00, NULL, '2024-12-25 23:52:41'),
(1880, 197, 29, 'Học phí môn Giải Phẫu Học', 900000.00, NULL, '2024-12-25 23:52:41'),
(1881, 198, 29, 'Học phí môn Giải Phẫu Học', 900000.00, NULL, '2024-12-25 23:52:41'),
(1882, 199, 29, 'Học phí môn Giải Phẫu Học', 900000.00, NULL, '2024-12-25 23:52:41'),
(1883, 200, 29, 'Học phí môn Giải Phẫu Học', 900000.00, NULL, '2024-12-25 23:52:41'),
(1884, 201, 29, 'Học phí môn Giải Phẫu Học', 900000.00, NULL, '2024-12-25 23:52:41'),
(1885, 202, 29, 'Học phí môn Giải Phẫu Học', 900000.00, NULL, '2024-12-25 23:52:41'),
(1886, 203, 29, 'Học phí môn Giải Phẫu Học', 900000.00, NULL, '2024-12-25 23:52:41'),
(1887, 204, 29, 'Học phí môn Giải Phẫu Học', 900000.00, NULL, '2024-12-25 23:52:41'),
(1888, 205, 29, 'Học phí môn Giải Phẫu Học', 900000.00, NULL, '2024-12-25 23:52:41'),
(1889, 206, 29, 'Học phí môn Giải Phẫu Học', 900000.00, NULL, '2024-12-25 23:52:41'),
(1890, 207, 29, 'Học phí môn Giải Phẫu Học', 900000.00, NULL, '2024-12-25 23:52:41'),
(1891, 208, 29, 'Học phí môn Giải Phẫu Học', 900000.00, NULL, '2024-12-25 23:52:41'),
(1892, 209, 29, 'Học phí môn Giải Phẫu Học', 900000.00, NULL, '2024-12-25 23:52:41'),
(1893, 210, 29, 'Học phí môn Giải Phẫu Học', 900000.00, NULL, '2024-12-25 23:52:41'),
(1894, 211, 29, 'Học phí môn Giải Phẫu Học', 900000.00, NULL, '2024-12-25 23:52:41'),
(1895, 212, 29, 'Học phí môn Giải Phẫu Học', 900000.00, NULL, '2024-12-25 23:52:41'),
(1896, 213, 29, 'Học phí môn Giải Phẫu Học', 900000.00, NULL, '2024-12-25 23:52:41'),
(1897, 214, 29, 'Học phí môn Giải Phẫu Học', 900000.00, NULL, '2024-12-25 23:52:41'),
(1898, 215, 29, 'Học phí môn Giải Phẫu Học', 900000.00, NULL, '2024-12-25 23:52:41'),
(1899, 216, 29, 'Học phí môn Giải Phẫu Học', 900000.00, NULL, '2024-12-25 23:52:41'),
(1900, 217, 29, 'Học phí môn Giải Phẫu Học', 900000.00, NULL, '2024-12-25 23:52:41'),
(1901, 218, 29, 'Học phí môn Giải Phẫu Học', 900000.00, NULL, '2024-12-25 23:52:41'),
(1902, 219, 29, 'Học phí môn Giải Phẫu Học', 900000.00, NULL, '2024-12-25 23:52:41'),
(1903, 220, 29, 'Học phí môn Giải Phẫu Học', 900000.00, NULL, '2024-12-25 23:52:41'),
(1904, 221, 29, 'Học phí môn Giải Phẫu Học', 900000.00, NULL, '2024-12-25 23:52:41'),
(1905, 222, 29, 'Học phí môn Giải Phẫu Học', 900000.00, NULL, '2024-12-25 23:52:41'),
(1906, 223, 29, 'Học phí môn Giải Phẫu Học', 900000.00, NULL, '2024-12-25 23:52:41'),
(1907, 224, 29, 'Học phí môn Giải Phẫu Học', 900000.00, NULL, '2024-12-25 23:52:41'),
(1908, 225, 29, 'Học phí môn Giải Phẫu Học', 900000.00, NULL, '2024-12-25 23:52:41'),
(1909, 226, 29, 'Học phí môn Giải Phẫu Học', 900000.00, NULL, '2024-12-25 23:52:41'),
(1910, 227, 29, 'Học phí môn Giải Phẫu Học', 900000.00, NULL, '2024-12-25 23:52:41'),
(1911, 228, 29, 'Học phí môn Giải Phẫu Học', 900000.00, NULL, '2024-12-25 23:52:41'),
(1942, 190, 30, 'Học phí môn Kỹ Thuật Cầu Đường', 900000.00, NULL, '2024-12-25 23:52:41'),
(1943, 191, 30, 'Học phí môn Kỹ Thuật Cầu Đường', 900000.00, NULL, '2024-12-25 23:52:41'),
(1944, 192, 30, 'Học phí môn Kỹ Thuật Cầu Đường', 900000.00, NULL, '2024-12-25 23:52:41'),
(1945, 193, 30, 'Học phí môn Kỹ Thuật Cầu Đường', 900000.00, NULL, '2024-12-25 23:52:41'),
(1946, 194, 30, 'Học phí môn Kỹ Thuật Cầu Đường', 900000.00, NULL, '2024-12-25 23:52:41'),
(1947, 195, 30, 'Học phí môn Kỹ Thuật Cầu Đường', 900000.00, NULL, '2024-12-25 23:52:41'),
(1948, 196, 30, 'Học phí môn Kỹ Thuật Cầu Đường', 900000.00, NULL, '2024-12-25 23:52:41'),
(1949, 197, 30, 'Học phí môn Kỹ Thuật Cầu Đường', 900000.00, NULL, '2024-12-25 23:52:41'),
(1950, 198, 30, 'Học phí môn Kỹ Thuật Cầu Đường', 900000.00, NULL, '2024-12-25 23:52:41'),
(1951, 199, 30, 'Học phí môn Kỹ Thuật Cầu Đường', 900000.00, NULL, '2024-12-25 23:52:41'),
(1952, 200, 30, 'Học phí môn Kỹ Thuật Cầu Đường', 900000.00, NULL, '2024-12-25 23:52:41'),
(1953, 201, 30, 'Học phí môn Kỹ Thuật Cầu Đường', 900000.00, NULL, '2024-12-25 23:52:41'),
(1954, 202, 30, 'Học phí môn Kỹ Thuật Cầu Đường', 900000.00, NULL, '2024-12-25 23:52:41'),
(1955, 203, 30, 'Học phí môn Kỹ Thuật Cầu Đường', 900000.00, NULL, '2024-12-25 23:52:41'),
(1956, 204, 30, 'Học phí môn Kỹ Thuật Cầu Đường', 900000.00, NULL, '2024-12-25 23:52:41'),
(1957, 205, 30, 'Học phí môn Kỹ Thuật Cầu Đường', 900000.00, NULL, '2024-12-25 23:52:41'),
(1958, 206, 30, 'Học phí môn Kỹ Thuật Cầu Đường', 900000.00, NULL, '2024-12-25 23:52:41'),
(1959, 207, 30, 'Học phí môn Kỹ Thuật Cầu Đường', 900000.00, NULL, '2024-12-25 23:52:41'),
(1960, 208, 30, 'Học phí môn Kỹ Thuật Cầu Đường', 900000.00, NULL, '2024-12-25 23:52:41'),
(1961, 209, 30, 'Học phí môn Kỹ Thuật Cầu Đường', 900000.00, NULL, '2024-12-25 23:52:41'),
(1962, 210, 30, 'Học phí môn Kỹ Thuật Cầu Đường', 900000.00, NULL, '2024-12-25 23:52:41'),
(1963, 211, 30, 'Học phí môn Kỹ Thuật Cầu Đường', 900000.00, NULL, '2024-12-25 23:52:41'),
(1964, 212, 30, 'Học phí môn Kỹ Thuật Cầu Đường', 900000.00, NULL, '2024-12-25 23:52:41'),
(1965, 213, 30, 'Học phí môn Kỹ Thuật Cầu Đường', 900000.00, NULL, '2024-12-25 23:52:41'),
(1966, 214, 30, 'Học phí môn Kỹ Thuật Cầu Đường', 900000.00, NULL, '2024-12-25 23:52:41'),
(1967, 215, 30, 'Học phí môn Kỹ Thuật Cầu Đường', 900000.00, NULL, '2024-12-25 23:52:41'),
(1968, 216, 30, 'Học phí môn Kỹ Thuật Cầu Đường', 900000.00, NULL, '2024-12-25 23:52:41'),
(1969, 217, 30, 'Học phí môn Kỹ Thuật Cầu Đường', 900000.00, NULL, '2024-12-25 23:52:41'),
(1970, 218, 30, 'Học phí môn Kỹ Thuật Cầu Đường', 900000.00, NULL, '2024-12-25 23:52:41'),
(1971, 219, 30, 'Học phí môn Kỹ Thuật Cầu Đường', 900000.00, NULL, '2024-12-25 23:52:41'),
(1972, 220, 30, 'Học phí môn Kỹ Thuật Cầu Đường', 900000.00, NULL, '2024-12-25 23:52:41'),
(1973, 221, 30, 'Học phí môn Kỹ Thuật Cầu Đường', 900000.00, NULL, '2024-12-25 23:52:41'),
(1974, 222, 30, 'Học phí môn Kỹ Thuật Cầu Đường', 900000.00, NULL, '2024-12-25 23:52:41'),
(1975, 223, 30, 'Học phí môn Kỹ Thuật Cầu Đường', 900000.00, NULL, '2024-12-25 23:52:41'),
(1976, 224, 30, 'Học phí môn Kỹ Thuật Cầu Đường', 900000.00, NULL, '2024-12-25 23:52:41'),
(1977, 225, 30, 'Học phí môn Kỹ Thuật Cầu Đường', 900000.00, NULL, '2024-12-25 23:52:41'),
(1978, 226, 30, 'Học phí môn Kỹ Thuật Cầu Đường', 900000.00, NULL, '2024-12-25 23:52:41'),
(1979, 227, 30, 'Học phí môn Kỹ Thuật Cầu Đường', 900000.00, NULL, '2024-12-25 23:52:41'),
(1980, 228, 30, 'Học phí môn Kỹ Thuật Cầu Đường', 900000.00, NULL, '2024-12-25 23:52:41'),
(2011, 190, 31, 'Học phí môn Xây Dựng Dân Dụng', 900000.00, NULL, '2024-12-25 23:52:41'),
(2012, 191, 31, 'Học phí môn Xây Dựng Dân Dụng', 900000.00, NULL, '2024-12-25 23:52:41'),
(2013, 192, 31, 'Học phí môn Xây Dựng Dân Dụng', 900000.00, NULL, '2024-12-25 23:52:41'),
(2014, 193, 31, 'Học phí môn Xây Dựng Dân Dụng', 900000.00, NULL, '2024-12-25 23:52:41'),
(2015, 194, 31, 'Học phí môn Xây Dựng Dân Dụng', 900000.00, NULL, '2024-12-25 23:52:41'),
(2016, 195, 31, 'Học phí môn Xây Dựng Dân Dụng', 900000.00, NULL, '2024-12-25 23:52:41'),
(2017, 196, 31, 'Học phí môn Xây Dựng Dân Dụng', 900000.00, NULL, '2024-12-25 23:52:41'),
(2018, 197, 31, 'Học phí môn Xây Dựng Dân Dụng', 900000.00, NULL, '2024-12-25 23:52:41'),
(2019, 198, 31, 'Học phí môn Xây Dựng Dân Dụng', 900000.00, NULL, '2024-12-25 23:52:41'),
(2020, 199, 31, 'Học phí môn Xây Dựng Dân Dụng', 900000.00, NULL, '2024-12-25 23:52:41'),
(2021, 200, 31, 'Học phí môn Xây Dựng Dân Dụng', 900000.00, NULL, '2024-12-25 23:52:41'),
(2022, 201, 31, 'Học phí môn Xây Dựng Dân Dụng', 900000.00, NULL, '2024-12-25 23:52:41'),
(2023, 202, 31, 'Học phí môn Xây Dựng Dân Dụng', 900000.00, NULL, '2024-12-25 23:52:41'),
(2024, 203, 31, 'Học phí môn Xây Dựng Dân Dụng', 900000.00, NULL, '2024-12-25 23:52:41'),
(2025, 204, 31, 'Học phí môn Xây Dựng Dân Dụng', 900000.00, NULL, '2024-12-25 23:52:41'),
(2026, 205, 31, 'Học phí môn Xây Dựng Dân Dụng', 900000.00, NULL, '2024-12-25 23:52:41'),
(2027, 206, 31, 'Học phí môn Xây Dựng Dân Dụng', 900000.00, NULL, '2024-12-25 23:52:41'),
(2028, 207, 31, 'Học phí môn Xây Dựng Dân Dụng', 900000.00, NULL, '2024-12-25 23:52:41'),
(2029, 208, 31, 'Học phí môn Xây Dựng Dân Dụng', 900000.00, NULL, '2024-12-25 23:52:41'),
(2030, 209, 31, 'Học phí môn Xây Dựng Dân Dụng', 900000.00, NULL, '2024-12-25 23:52:41'),
(2031, 210, 31, 'Học phí môn Xây Dựng Dân Dụng', 900000.00, NULL, '2024-12-25 23:52:41'),
(2032, 211, 31, 'Học phí môn Xây Dựng Dân Dụng', 900000.00, NULL, '2024-12-25 23:52:41'),
(2033, 212, 31, 'Học phí môn Xây Dựng Dân Dụng', 900000.00, NULL, '2024-12-25 23:52:41'),
(2034, 213, 31, 'Học phí môn Xây Dựng Dân Dụng', 900000.00, NULL, '2024-12-25 23:52:41'),
(2035, 214, 31, 'Học phí môn Xây Dựng Dân Dụng', 900000.00, NULL, '2024-12-25 23:52:41'),
(2036, 215, 31, 'Học phí môn Xây Dựng Dân Dụng', 900000.00, NULL, '2024-12-25 23:52:41'),
(2037, 216, 31, 'Học phí môn Xây Dựng Dân Dụng', 900000.00, NULL, '2024-12-25 23:52:41'),
(2038, 217, 31, 'Học phí môn Xây Dựng Dân Dụng', 900000.00, NULL, '2024-12-25 23:52:41'),
(2039, 218, 31, 'Học phí môn Xây Dựng Dân Dụng', 900000.00, NULL, '2024-12-25 23:52:41'),
(2040, 219, 31, 'Học phí môn Xây Dựng Dân Dụng', 900000.00, NULL, '2024-12-25 23:52:41'),
(2041, 220, 31, 'Học phí môn Xây Dựng Dân Dụng', 900000.00, NULL, '2024-12-25 23:52:41'),
(2042, 221, 31, 'Học phí môn Xây Dựng Dân Dụng', 900000.00, NULL, '2024-12-25 23:52:41'),
(2043, 222, 31, 'Học phí môn Xây Dựng Dân Dụng', 900000.00, NULL, '2024-12-25 23:52:41'),
(2044, 223, 31, 'Học phí môn Xây Dựng Dân Dụng', 900000.00, NULL, '2024-12-25 23:52:41'),
(2045, 224, 31, 'Học phí môn Xây Dựng Dân Dụng', 900000.00, NULL, '2024-12-25 23:52:41'),
(2046, 225, 31, 'Học phí môn Xây Dựng Dân Dụng', 900000.00, NULL, '2024-12-25 23:52:41'),
(2047, 226, 31, 'Học phí môn Xây Dựng Dân Dụng', 900000.00, NULL, '2024-12-25 23:52:41'),
(2048, 227, 31, 'Học phí môn Xây Dựng Dân Dụng', 900000.00, NULL, '2024-12-25 23:52:41'),
(2049, 228, 31, 'Học phí môn Xây Dựng Dân Dụng', 900000.00, NULL, '2024-12-25 23:52:41'),
(2050, 229, 31, 'Học phí môn Xây Dựng Dân Dụng', 900000.00, NULL, '2024-12-25 23:52:41'),
(2051, 230, 31, 'Học phí môn Xây Dựng Dân Dụng', 900000.00, NULL, '2024-12-25 23:52:41'),
(2052, 231, 31, 'Học phí môn Xây Dựng Dân Dụng', 900000.00, NULL, '2024-12-25 23:52:41'),
(2053, 233, 31, 'Học phí môn Xây Dựng Dân Dụng', 900000.00, NULL, '2024-12-25 23:52:41'),
(2054, 234, 31, 'Học phí môn Xây Dựng Dân Dụng', 900000.00, NULL, '2024-12-25 23:52:41'),
(2055, 235, 31, 'Học phí môn Xây Dựng Dân Dụng', 900000.00, NULL, '2024-12-25 23:52:41'),
(2056, 236, 31, 'Học phí môn Xây Dựng Dân Dụng', 900000.00, NULL, '2024-12-25 23:52:41'),
(2057, 237, 31, 'Học phí môn Xây Dựng Dân Dụng', 900000.00, NULL, '2024-12-25 23:52:41'),
(2058, 238, 31, 'Học phí môn Xây Dựng Dân Dụng', 900000.00, NULL, '2024-12-25 23:52:41'),
(2059, 239, 31, 'Học phí môn Xây Dựng Dân Dụng', 900000.00, NULL, '2024-12-25 23:52:41'),
(2090, 190, 32, 'Học phí môn Kết Cấu Công Trình', 1200000.00, NULL, '2024-12-25 23:52:41'),
(2091, 191, 32, 'Học phí môn Kết Cấu Công Trình', 1200000.00, NULL, '2024-12-25 23:52:41'),
(2092, 192, 32, 'Học phí môn Kết Cấu Công Trình', 1200000.00, NULL, '2024-12-25 23:52:41'),
(2093, 193, 32, 'Học phí môn Kết Cấu Công Trình', 1200000.00, NULL, '2024-12-25 23:52:41'),
(2094, 194, 32, 'Học phí môn Kết Cấu Công Trình', 1200000.00, NULL, '2024-12-25 23:52:41'),
(2095, 195, 32, 'Học phí môn Kết Cấu Công Trình', 1200000.00, NULL, '2024-12-25 23:52:41'),
(2096, 196, 32, 'Học phí môn Kết Cấu Công Trình', 1200000.00, NULL, '2024-12-25 23:52:41'),
(2097, 197, 32, 'Học phí môn Kết Cấu Công Trình', 1200000.00, NULL, '2024-12-25 23:52:41'),
(2098, 198, 32, 'Học phí môn Kết Cấu Công Trình', 1200000.00, NULL, '2024-12-25 23:52:41'),
(2099, 199, 32, 'Học phí môn Kết Cấu Công Trình', 1200000.00, NULL, '2024-12-25 23:52:41'),
(2100, 200, 32, 'Học phí môn Kết Cấu Công Trình', 1200000.00, NULL, '2024-12-25 23:52:41'),
(2101, 201, 32, 'Học phí môn Kết Cấu Công Trình', 1200000.00, NULL, '2024-12-25 23:52:41'),
(2102, 202, 32, 'Học phí môn Kết Cấu Công Trình', 1200000.00, NULL, '2024-12-25 23:52:41'),
(2103, 203, 32, 'Học phí môn Kết Cấu Công Trình', 1200000.00, NULL, '2024-12-25 23:52:41'),
(2104, 204, 32, 'Học phí môn Kết Cấu Công Trình', 1200000.00, NULL, '2024-12-25 23:52:41'),
(2105, 205, 32, 'Học phí môn Kết Cấu Công Trình', 1200000.00, NULL, '2024-12-25 23:52:41'),
(2106, 206, 32, 'Học phí môn Kết Cấu Công Trình', 1200000.00, NULL, '2024-12-25 23:52:41'),
(2107, 207, 32, 'Học phí môn Kết Cấu Công Trình', 1200000.00, NULL, '2024-12-25 23:52:41'),
(2108, 208, 32, 'Học phí môn Kết Cấu Công Trình', 1200000.00, NULL, '2024-12-25 23:52:41'),
(2109, 209, 32, 'Học phí môn Kết Cấu Công Trình', 1200000.00, NULL, '2024-12-25 23:52:41'),
(2110, 210, 32, 'Học phí môn Kết Cấu Công Trình', 1200000.00, NULL, '2024-12-25 23:52:41'),
(2111, 211, 32, 'Học phí môn Kết Cấu Công Trình', 1200000.00, NULL, '2024-12-25 23:52:41'),
(2112, 212, 32, 'Học phí môn Kết Cấu Công Trình', 1200000.00, NULL, '2024-12-25 23:52:41'),
(2113, 213, 32, 'Học phí môn Kết Cấu Công Trình', 1200000.00, NULL, '2024-12-25 23:52:41'),
(2114, 214, 32, 'Học phí môn Kết Cấu Công Trình', 1200000.00, NULL, '2024-12-25 23:52:41'),
(2115, 215, 32, 'Học phí môn Kết Cấu Công Trình', 1200000.00, NULL, '2024-12-25 23:52:41'),
(2116, 216, 32, 'Học phí môn Kết Cấu Công Trình', 1200000.00, NULL, '2024-12-25 23:52:41'),
(2117, 217, 32, 'Học phí môn Kết Cấu Công Trình', 1200000.00, NULL, '2024-12-25 23:52:41'),
(2118, 218, 32, 'Học phí môn Kết Cấu Công Trình', 1200000.00, NULL, '2024-12-25 23:52:41'),
(2119, 219, 32, 'Học phí môn Kết Cấu Công Trình', 1200000.00, NULL, '2024-12-25 23:52:41'),
(2120, 220, 32, 'Học phí môn Kết Cấu Công Trình', 1200000.00, NULL, '2024-12-25 23:52:41'),
(2121, 221, 32, 'Học phí môn Kết Cấu Công Trình', 1200000.00, NULL, '2024-12-25 23:52:41'),
(2122, 222, 32, 'Học phí môn Kết Cấu Công Trình', 1200000.00, NULL, '2024-12-25 23:52:41'),
(2123, 223, 32, 'Học phí môn Kết Cấu Công Trình', 1200000.00, NULL, '2024-12-25 23:52:41'),
(2124, 224, 32, 'Học phí môn Kết Cấu Công Trình', 1200000.00, NULL, '2024-12-25 23:52:41'),
(2125, 225, 32, 'Học phí môn Kết Cấu Công Trình', 1200000.00, NULL, '2024-12-25 23:52:41'),
(2126, 226, 32, 'Học phí môn Kết Cấu Công Trình', 1200000.00, NULL, '2024-12-25 23:52:41'),
(2127, 227, 32, 'Học phí môn Kết Cấu Công Trình', 1200000.00, NULL, '2024-12-25 23:52:41'),
(2128, 228, 32, 'Học phí môn Kết Cấu Công Trình', 1200000.00, NULL, '2024-12-25 23:52:41'),
(2129, 229, 32, 'Học phí môn Kết Cấu Công Trình', 1200000.00, NULL, '2024-12-25 23:52:41'),
(2130, 230, 32, 'Học phí môn Kết Cấu Công Trình', 1200000.00, NULL, '2024-12-25 23:52:41'),
(2131, 231, 32, 'Học phí môn Kết Cấu Công Trình', 1200000.00, NULL, '2024-12-25 23:52:41'),
(2132, 233, 32, 'Học phí môn Kết Cấu Công Trình', 1200000.00, NULL, '2024-12-25 23:52:41'),
(2133, 234, 32, 'Học phí môn Kết Cấu Công Trình', 1200000.00, NULL, '2024-12-25 23:52:41'),
(2134, 235, 32, 'Học phí môn Kết Cấu Công Trình', 1200000.00, NULL, '2024-12-25 23:52:41'),
(2135, 236, 32, 'Học phí môn Kết Cấu Công Trình', 1200000.00, NULL, '2024-12-25 23:52:41');
INSERT INTO `chitiethocphi` (`id_chitiethocphi`, `id_hocphi`, `id_monhoc`, `ten_khoan_phi`, `so_tien`, `id_mien_giam`, `ngay_ap_dung`) VALUES
(2136, 237, 32, 'Học phí môn Kết Cấu Công Trình', 1200000.00, NULL, '2024-12-25 23:52:41'),
(2137, 238, 32, 'Học phí môn Kết Cấu Công Trình', 1200000.00, NULL, '2024-12-25 23:52:41'),
(2138, 239, 32, 'Học phí môn Kết Cấu Công Trình', 1200000.00, NULL, '2024-12-25 23:52:41'),
(2169, 190, 33, 'Học phí môn Kỹ Thuật Xây Dựng', 1200000.00, NULL, '2024-12-25 23:52:41'),
(2170, 191, 33, 'Học phí môn Kỹ Thuật Xây Dựng', 1200000.00, NULL, '2024-12-25 23:52:41'),
(2171, 192, 33, 'Học phí môn Kỹ Thuật Xây Dựng', 1200000.00, NULL, '2024-12-25 23:52:41'),
(2172, 193, 33, 'Học phí môn Kỹ Thuật Xây Dựng', 1200000.00, NULL, '2024-12-25 23:52:41'),
(2173, 194, 33, 'Học phí môn Kỹ Thuật Xây Dựng', 1200000.00, NULL, '2024-12-25 23:52:41'),
(2174, 195, 33, 'Học phí môn Kỹ Thuật Xây Dựng', 1200000.00, NULL, '2024-12-25 23:52:41'),
(2175, 196, 33, 'Học phí môn Kỹ Thuật Xây Dựng', 1200000.00, NULL, '2024-12-25 23:52:41'),
(2176, 197, 33, 'Học phí môn Kỹ Thuật Xây Dựng', 1200000.00, NULL, '2024-12-25 23:52:41'),
(2177, 198, 33, 'Học phí môn Kỹ Thuật Xây Dựng', 1200000.00, NULL, '2024-12-25 23:52:41'),
(2178, 199, 33, 'Học phí môn Kỹ Thuật Xây Dựng', 1200000.00, NULL, '2024-12-25 23:52:41'),
(2179, 200, 33, 'Học phí môn Kỹ Thuật Xây Dựng', 1200000.00, NULL, '2024-12-25 23:52:41'),
(2180, 201, 33, 'Học phí môn Kỹ Thuật Xây Dựng', 1200000.00, NULL, '2024-12-25 23:52:41'),
(2181, 202, 33, 'Học phí môn Kỹ Thuật Xây Dựng', 1200000.00, NULL, '2024-12-25 23:52:41'),
(2182, 203, 33, 'Học phí môn Kỹ Thuật Xây Dựng', 1200000.00, NULL, '2024-12-25 23:52:41'),
(2183, 204, 33, 'Học phí môn Kỹ Thuật Xây Dựng', 1200000.00, NULL, '2024-12-25 23:52:41'),
(2184, 205, 33, 'Học phí môn Kỹ Thuật Xây Dựng', 1200000.00, NULL, '2024-12-25 23:52:41'),
(2185, 206, 33, 'Học phí môn Kỹ Thuật Xây Dựng', 1200000.00, NULL, '2024-12-25 23:52:41'),
(2186, 207, 33, 'Học phí môn Kỹ Thuật Xây Dựng', 1200000.00, NULL, '2024-12-25 23:52:41'),
(2187, 208, 33, 'Học phí môn Kỹ Thuật Xây Dựng', 1200000.00, NULL, '2024-12-25 23:52:41'),
(2188, 209, 33, 'Học phí môn Kỹ Thuật Xây Dựng', 1200000.00, NULL, '2024-12-25 23:52:41'),
(2189, 210, 33, 'Học phí môn Kỹ Thuật Xây Dựng', 1200000.00, NULL, '2024-12-25 23:52:41'),
(2190, 211, 33, 'Học phí môn Kỹ Thuật Xây Dựng', 1200000.00, NULL, '2024-12-25 23:52:41'),
(2191, 212, 33, 'Học phí môn Kỹ Thuật Xây Dựng', 1200000.00, NULL, '2024-12-25 23:52:41'),
(2192, 213, 33, 'Học phí môn Kỹ Thuật Xây Dựng', 1200000.00, NULL, '2024-12-25 23:52:41'),
(2193, 214, 33, 'Học phí môn Kỹ Thuật Xây Dựng', 1200000.00, NULL, '2024-12-25 23:52:41'),
(2194, 215, 33, 'Học phí môn Kỹ Thuật Xây Dựng', 1200000.00, NULL, '2024-12-25 23:52:41'),
(2195, 216, 33, 'Học phí môn Kỹ Thuật Xây Dựng', 1200000.00, NULL, '2024-12-25 23:52:41'),
(2196, 217, 33, 'Học phí môn Kỹ Thuật Xây Dựng', 1200000.00, NULL, '2024-12-25 23:52:41'),
(2197, 218, 33, 'Học phí môn Kỹ Thuật Xây Dựng', 1200000.00, NULL, '2024-12-25 23:52:41'),
(2198, 219, 33, 'Học phí môn Kỹ Thuật Xây Dựng', 1200000.00, NULL, '2024-12-25 23:52:41'),
(2199, 220, 33, 'Học phí môn Kỹ Thuật Xây Dựng', 1200000.00, NULL, '2024-12-25 23:52:41'),
(2200, 221, 33, 'Học phí môn Kỹ Thuật Xây Dựng', 1200000.00, NULL, '2024-12-25 23:52:41'),
(2201, 222, 33, 'Học phí môn Kỹ Thuật Xây Dựng', 1200000.00, NULL, '2024-12-25 23:52:41'),
(2202, 223, 33, 'Học phí môn Kỹ Thuật Xây Dựng', 1200000.00, NULL, '2024-12-25 23:52:41'),
(2203, 224, 33, 'Học phí môn Kỹ Thuật Xây Dựng', 1200000.00, NULL, '2024-12-25 23:52:41'),
(2204, 225, 33, 'Học phí môn Kỹ Thuật Xây Dựng', 1200000.00, NULL, '2024-12-25 23:52:41'),
(2205, 226, 33, 'Học phí môn Kỹ Thuật Xây Dựng', 1200000.00, NULL, '2024-12-25 23:52:41'),
(2206, 227, 33, 'Học phí môn Kỹ Thuật Xây Dựng', 1200000.00, NULL, '2024-12-25 23:52:41'),
(2207, 228, 33, 'Học phí môn Kỹ Thuật Xây Dựng', 1200000.00, NULL, '2024-12-25 23:52:41'),
(2208, 229, 33, 'Học phí môn Kỹ Thuật Xây Dựng', 1200000.00, NULL, '2024-12-25 23:52:41'),
(2209, 230, 33, 'Học phí môn Kỹ Thuật Xây Dựng', 1200000.00, NULL, '2024-12-25 23:52:41'),
(2210, 231, 33, 'Học phí môn Kỹ Thuật Xây Dựng', 1200000.00, NULL, '2024-12-25 23:52:41'),
(2211, 233, 33, 'Học phí môn Kỹ Thuật Xây Dựng', 1200000.00, NULL, '2024-12-25 23:52:41'),
(2212, 234, 33, 'Học phí môn Kỹ Thuật Xây Dựng', 1200000.00, NULL, '2024-12-25 23:52:41'),
(2213, 235, 33, 'Học phí môn Kỹ Thuật Xây Dựng', 1200000.00, NULL, '2024-12-25 23:52:41'),
(2214, 236, 33, 'Học phí môn Kỹ Thuật Xây Dựng', 1200000.00, NULL, '2024-12-25 23:52:41'),
(2215, 237, 33, 'Học phí môn Kỹ Thuật Xây Dựng', 1200000.00, NULL, '2024-12-25 23:52:41'),
(2216, 238, 33, 'Học phí môn Kỹ Thuật Xây Dựng', 1200000.00, NULL, '2024-12-25 23:52:41'),
(2217, 239, 33, 'Học phí môn Kỹ Thuật Xây Dựng', 1200000.00, NULL, '2024-12-25 23:52:41'),
(2248, 190, 34, 'Học phí môn Vật Liệu Xây Dựng', 900000.00, NULL, '2024-12-25 23:52:41'),
(2249, 191, 34, 'Học phí môn Vật Liệu Xây Dựng', 900000.00, NULL, '2024-12-25 23:52:41'),
(2250, 192, 34, 'Học phí môn Vật Liệu Xây Dựng', 900000.00, NULL, '2024-12-25 23:52:41'),
(2251, 193, 34, 'Học phí môn Vật Liệu Xây Dựng', 900000.00, NULL, '2024-12-25 23:52:41'),
(2252, 194, 34, 'Học phí môn Vật Liệu Xây Dựng', 900000.00, NULL, '2024-12-25 23:52:41'),
(2253, 195, 34, 'Học phí môn Vật Liệu Xây Dựng', 900000.00, NULL, '2024-12-25 23:52:41'),
(2254, 196, 34, 'Học phí môn Vật Liệu Xây Dựng', 900000.00, NULL, '2024-12-25 23:52:41'),
(2255, 197, 34, 'Học phí môn Vật Liệu Xây Dựng', 900000.00, NULL, '2024-12-25 23:52:41'),
(2256, 198, 34, 'Học phí môn Vật Liệu Xây Dựng', 900000.00, NULL, '2024-12-25 23:52:41'),
(2257, 199, 34, 'Học phí môn Vật Liệu Xây Dựng', 900000.00, NULL, '2024-12-25 23:52:41'),
(2258, 200, 34, 'Học phí môn Vật Liệu Xây Dựng', 900000.00, NULL, '2024-12-25 23:52:41'),
(2259, 201, 34, 'Học phí môn Vật Liệu Xây Dựng', 900000.00, NULL, '2024-12-25 23:52:41'),
(2260, 202, 34, 'Học phí môn Vật Liệu Xây Dựng', 900000.00, NULL, '2024-12-25 23:52:41'),
(2261, 203, 34, 'Học phí môn Vật Liệu Xây Dựng', 900000.00, NULL, '2024-12-25 23:52:41'),
(2262, 204, 34, 'Học phí môn Vật Liệu Xây Dựng', 900000.00, NULL, '2024-12-25 23:52:41'),
(2263, 205, 34, 'Học phí môn Vật Liệu Xây Dựng', 900000.00, NULL, '2024-12-25 23:52:41'),
(2264, 206, 34, 'Học phí môn Vật Liệu Xây Dựng', 900000.00, NULL, '2024-12-25 23:52:41'),
(2265, 207, 34, 'Học phí môn Vật Liệu Xây Dựng', 900000.00, NULL, '2024-12-25 23:52:41'),
(2266, 208, 34, 'Học phí môn Vật Liệu Xây Dựng', 900000.00, NULL, '2024-12-25 23:52:41'),
(2267, 209, 34, 'Học phí môn Vật Liệu Xây Dựng', 900000.00, NULL, '2024-12-25 23:52:41'),
(2268, 210, 34, 'Học phí môn Vật Liệu Xây Dựng', 900000.00, NULL, '2024-12-25 23:52:41'),
(2269, 211, 34, 'Học phí môn Vật Liệu Xây Dựng', 900000.00, NULL, '2024-12-25 23:52:41'),
(2270, 212, 34, 'Học phí môn Vật Liệu Xây Dựng', 900000.00, NULL, '2024-12-25 23:52:41'),
(2271, 213, 34, 'Học phí môn Vật Liệu Xây Dựng', 900000.00, NULL, '2024-12-25 23:52:41'),
(2272, 214, 34, 'Học phí môn Vật Liệu Xây Dựng', 900000.00, NULL, '2024-12-25 23:52:41'),
(2273, 215, 34, 'Học phí môn Vật Liệu Xây Dựng', 900000.00, NULL, '2024-12-25 23:52:41'),
(2274, 216, 34, 'Học phí môn Vật Liệu Xây Dựng', 900000.00, NULL, '2024-12-25 23:52:41'),
(2275, 217, 34, 'Học phí môn Vật Liệu Xây Dựng', 900000.00, NULL, '2024-12-25 23:52:41'),
(2276, 218, 34, 'Học phí môn Vật Liệu Xây Dựng', 900000.00, NULL, '2024-12-25 23:52:41'),
(2277, 219, 34, 'Học phí môn Vật Liệu Xây Dựng', 900000.00, NULL, '2024-12-25 23:52:41'),
(2278, 220, 34, 'Học phí môn Vật Liệu Xây Dựng', 900000.00, NULL, '2024-12-25 23:52:41'),
(2279, 221, 34, 'Học phí môn Vật Liệu Xây Dựng', 900000.00, NULL, '2024-12-25 23:52:41'),
(2280, 222, 34, 'Học phí môn Vật Liệu Xây Dựng', 900000.00, NULL, '2024-12-25 23:52:41'),
(2281, 223, 34, 'Học phí môn Vật Liệu Xây Dựng', 900000.00, NULL, '2024-12-25 23:52:41'),
(2282, 224, 34, 'Học phí môn Vật Liệu Xây Dựng', 900000.00, NULL, '2024-12-25 23:52:41'),
(2283, 225, 34, 'Học phí môn Vật Liệu Xây Dựng', 900000.00, NULL, '2024-12-25 23:52:41'),
(2284, 226, 34, 'Học phí môn Vật Liệu Xây Dựng', 900000.00, NULL, '2024-12-25 23:52:41'),
(2285, 227, 34, 'Học phí môn Vật Liệu Xây Dựng', 900000.00, NULL, '2024-12-25 23:52:41'),
(2286, 228, 34, 'Học phí môn Vật Liệu Xây Dựng', 900000.00, NULL, '2024-12-25 23:52:41'),
(2287, 229, 34, 'Học phí môn Vật Liệu Xây Dựng', 900000.00, NULL, '2024-12-25 23:52:41'),
(2288, 230, 34, 'Học phí môn Vật Liệu Xây Dựng', 900000.00, NULL, '2024-12-25 23:52:41'),
(2289, 231, 34, 'Học phí môn Vật Liệu Xây Dựng', 900000.00, NULL, '2024-12-25 23:52:41'),
(2290, 233, 34, 'Học phí môn Vật Liệu Xây Dựng', 900000.00, NULL, '2024-12-25 23:52:41'),
(2291, 234, 34, 'Học phí môn Vật Liệu Xây Dựng', 900000.00, NULL, '2024-12-25 23:52:41'),
(2292, 235, 34, 'Học phí môn Vật Liệu Xây Dựng', 900000.00, NULL, '2024-12-25 23:52:41'),
(2293, 236, 34, 'Học phí môn Vật Liệu Xây Dựng', 900000.00, NULL, '2024-12-25 23:52:41'),
(2294, 237, 34, 'Học phí môn Vật Liệu Xây Dựng', 900000.00, NULL, '2024-12-25 23:52:41'),
(2295, 238, 34, 'Học phí môn Vật Liệu Xây Dựng', 900000.00, NULL, '2024-12-25 23:52:41'),
(2296, 239, 34, 'Học phí môn Vật Liệu Xây Dựng', 900000.00, NULL, '2024-12-25 23:52:41'),
(2327, 190, 35, 'Học phí môn Đo Lường và Thiết Kế', 1200000.00, NULL, '2024-12-25 23:52:41'),
(2328, 191, 35, 'Học phí môn Đo Lường và Thiết Kế', 1200000.00, NULL, '2024-12-25 23:52:41'),
(2329, 192, 35, 'Học phí môn Đo Lường và Thiết Kế', 1200000.00, NULL, '2024-12-25 23:52:41'),
(2330, 193, 35, 'Học phí môn Đo Lường và Thiết Kế', 1200000.00, NULL, '2024-12-25 23:52:41'),
(2331, 194, 35, 'Học phí môn Đo Lường và Thiết Kế', 1200000.00, NULL, '2024-12-25 23:52:41'),
(2332, 195, 35, 'Học phí môn Đo Lường và Thiết Kế', 1200000.00, NULL, '2024-12-25 23:52:41'),
(2333, 196, 35, 'Học phí môn Đo Lường và Thiết Kế', 1200000.00, NULL, '2024-12-25 23:52:41'),
(2334, 197, 35, 'Học phí môn Đo Lường và Thiết Kế', 1200000.00, NULL, '2024-12-25 23:52:41'),
(2335, 198, 35, 'Học phí môn Đo Lường và Thiết Kế', 1200000.00, NULL, '2024-12-25 23:52:41'),
(2336, 199, 35, 'Học phí môn Đo Lường và Thiết Kế', 1200000.00, NULL, '2024-12-25 23:52:41'),
(2337, 200, 35, 'Học phí môn Đo Lường và Thiết Kế', 1200000.00, NULL, '2024-12-25 23:52:41'),
(2338, 201, 35, 'Học phí môn Đo Lường và Thiết Kế', 1200000.00, NULL, '2024-12-25 23:52:41'),
(2339, 202, 35, 'Học phí môn Đo Lường và Thiết Kế', 1200000.00, NULL, '2024-12-25 23:52:41'),
(2340, 203, 35, 'Học phí môn Đo Lường và Thiết Kế', 1200000.00, NULL, '2024-12-25 23:52:41'),
(2341, 204, 35, 'Học phí môn Đo Lường và Thiết Kế', 1200000.00, NULL, '2024-12-25 23:52:41'),
(2342, 205, 35, 'Học phí môn Đo Lường và Thiết Kế', 1200000.00, NULL, '2024-12-25 23:52:41'),
(2343, 206, 35, 'Học phí môn Đo Lường và Thiết Kế', 1200000.00, NULL, '2024-12-25 23:52:41'),
(2344, 207, 35, 'Học phí môn Đo Lường và Thiết Kế', 1200000.00, NULL, '2024-12-25 23:52:41'),
(2345, 208, 35, 'Học phí môn Đo Lường và Thiết Kế', 1200000.00, NULL, '2024-12-25 23:52:41'),
(2346, 209, 35, 'Học phí môn Đo Lường và Thiết Kế', 1200000.00, NULL, '2024-12-25 23:52:41'),
(2347, 210, 35, 'Học phí môn Đo Lường và Thiết Kế', 1200000.00, NULL, '2024-12-25 23:52:41'),
(2348, 211, 35, 'Học phí môn Đo Lường và Thiết Kế', 1200000.00, NULL, '2024-12-25 23:52:41'),
(2349, 212, 35, 'Học phí môn Đo Lường và Thiết Kế', 1200000.00, NULL, '2024-12-25 23:52:41'),
(2350, 213, 35, 'Học phí môn Đo Lường và Thiết Kế', 1200000.00, NULL, '2024-12-25 23:52:41'),
(2351, 214, 35, 'Học phí môn Đo Lường và Thiết Kế', 1200000.00, NULL, '2024-12-25 23:52:41'),
(2352, 215, 35, 'Học phí môn Đo Lường và Thiết Kế', 1200000.00, NULL, '2024-12-25 23:52:41'),
(2353, 216, 35, 'Học phí môn Đo Lường và Thiết Kế', 1200000.00, NULL, '2024-12-25 23:52:41'),
(2354, 217, 35, 'Học phí môn Đo Lường và Thiết Kế', 1200000.00, NULL, '2024-12-25 23:52:41'),
(2355, 218, 35, 'Học phí môn Đo Lường và Thiết Kế', 1200000.00, NULL, '2024-12-25 23:52:41'),
(2356, 219, 35, 'Học phí môn Đo Lường và Thiết Kế', 1200000.00, NULL, '2024-12-25 23:52:41'),
(2357, 220, 35, 'Học phí môn Đo Lường và Thiết Kế', 1200000.00, NULL, '2024-12-25 23:52:41'),
(2358, 221, 35, 'Học phí môn Đo Lường và Thiết Kế', 1200000.00, NULL, '2024-12-25 23:52:41'),
(2359, 222, 35, 'Học phí môn Đo Lường và Thiết Kế', 1200000.00, NULL, '2024-12-25 23:52:41'),
(2360, 223, 35, 'Học phí môn Đo Lường và Thiết Kế', 1200000.00, NULL, '2024-12-25 23:52:41'),
(2361, 224, 35, 'Học phí môn Đo Lường và Thiết Kế', 1200000.00, NULL, '2024-12-25 23:52:41'),
(2362, 225, 35, 'Học phí môn Đo Lường và Thiết Kế', 1200000.00, NULL, '2024-12-25 23:52:41'),
(2363, 226, 35, 'Học phí môn Đo Lường và Thiết Kế', 1200000.00, NULL, '2024-12-25 23:52:41'),
(2364, 227, 35, 'Học phí môn Đo Lường và Thiết Kế', 1200000.00, NULL, '2024-12-25 23:52:41'),
(2365, 228, 35, 'Học phí môn Đo Lường và Thiết Kế', 1200000.00, NULL, '2024-12-25 23:52:41'),
(2366, 229, 35, 'Học phí môn Đo Lường và Thiết Kế', 1200000.00, NULL, '2024-12-25 23:52:41'),
(2367, 230, 35, 'Học phí môn Đo Lường và Thiết Kế', 1200000.00, NULL, '2024-12-25 23:52:41'),
(2368, 231, 35, 'Học phí môn Đo Lường và Thiết Kế', 1200000.00, NULL, '2024-12-25 23:52:41'),
(2369, 233, 35, 'Học phí môn Đo Lường và Thiết Kế', 1200000.00, NULL, '2024-12-25 23:52:41'),
(2370, 234, 35, 'Học phí môn Đo Lường và Thiết Kế', 1200000.00, NULL, '2024-12-25 23:52:41'),
(2371, 235, 35, 'Học phí môn Đo Lường và Thiết Kế', 1200000.00, NULL, '2024-12-25 23:52:41'),
(2372, 236, 35, 'Học phí môn Đo Lường và Thiết Kế', 1200000.00, NULL, '2024-12-25 23:52:41'),
(2373, 237, 35, 'Học phí môn Đo Lường và Thiết Kế', 1200000.00, NULL, '2024-12-25 23:52:41'),
(2374, 238, 35, 'Học phí môn Đo Lường và Thiết Kế', 1200000.00, NULL, '2024-12-25 23:52:41'),
(2375, 239, 35, 'Học phí môn Đo Lường và Thiết Kế', 1200000.00, NULL, '2024-12-25 23:52:41'),
(2406, 190, 36, 'Học phí môn Quản Lý Dự Án', 1200000.00, NULL, '2024-12-25 23:52:41'),
(2407, 191, 36, 'Học phí môn Quản Lý Dự Án', 1200000.00, NULL, '2024-12-25 23:52:41'),
(2408, 192, 36, 'Học phí môn Quản Lý Dự Án', 1200000.00, NULL, '2024-12-25 23:52:41'),
(2409, 193, 36, 'Học phí môn Quản Lý Dự Án', 1200000.00, NULL, '2024-12-25 23:52:41'),
(2410, 194, 36, 'Học phí môn Quản Lý Dự Án', 1200000.00, NULL, '2024-12-25 23:52:41'),
(2411, 195, 36, 'Học phí môn Quản Lý Dự Án', 1200000.00, NULL, '2024-12-25 23:52:41'),
(2412, 196, 36, 'Học phí môn Quản Lý Dự Án', 1200000.00, NULL, '2024-12-25 23:52:41'),
(2413, 197, 36, 'Học phí môn Quản Lý Dự Án', 1200000.00, NULL, '2024-12-25 23:52:41'),
(2414, 198, 36, 'Học phí môn Quản Lý Dự Án', 1200000.00, NULL, '2024-12-25 23:52:41'),
(2415, 199, 36, 'Học phí môn Quản Lý Dự Án', 1200000.00, NULL, '2024-12-25 23:52:41'),
(2416, 200, 36, 'Học phí môn Quản Lý Dự Án', 1200000.00, NULL, '2024-12-25 23:52:41'),
(2417, 201, 36, 'Học phí môn Quản Lý Dự Án', 1200000.00, NULL, '2024-12-25 23:52:41'),
(2418, 202, 36, 'Học phí môn Quản Lý Dự Án', 1200000.00, NULL, '2024-12-25 23:52:41'),
(2419, 203, 36, 'Học phí môn Quản Lý Dự Án', 1200000.00, NULL, '2024-12-25 23:52:41'),
(2420, 204, 36, 'Học phí môn Quản Lý Dự Án', 1200000.00, NULL, '2024-12-25 23:52:41'),
(2421, 205, 36, 'Học phí môn Quản Lý Dự Án', 1200000.00, NULL, '2024-12-25 23:52:41'),
(2422, 206, 36, 'Học phí môn Quản Lý Dự Án', 1200000.00, NULL, '2024-12-25 23:52:41'),
(2423, 207, 36, 'Học phí môn Quản Lý Dự Án', 1200000.00, NULL, '2024-12-25 23:52:41'),
(2424, 208, 36, 'Học phí môn Quản Lý Dự Án', 1200000.00, NULL, '2024-12-25 23:52:41'),
(2425, 209, 36, 'Học phí môn Quản Lý Dự Án', 1200000.00, NULL, '2024-12-25 23:52:41'),
(2426, 210, 36, 'Học phí môn Quản Lý Dự Án', 1200000.00, NULL, '2024-12-25 23:52:41'),
(2427, 211, 36, 'Học phí môn Quản Lý Dự Án', 1200000.00, NULL, '2024-12-25 23:52:41'),
(2428, 212, 36, 'Học phí môn Quản Lý Dự Án', 1200000.00, NULL, '2024-12-25 23:52:41'),
(2429, 213, 36, 'Học phí môn Quản Lý Dự Án', 1200000.00, NULL, '2024-12-25 23:52:41'),
(2430, 214, 36, 'Học phí môn Quản Lý Dự Án', 1200000.00, NULL, '2024-12-25 23:52:41'),
(2431, 215, 36, 'Học phí môn Quản Lý Dự Án', 1200000.00, NULL, '2024-12-25 23:52:41'),
(2432, 216, 36, 'Học phí môn Quản Lý Dự Án', 1200000.00, NULL, '2024-12-25 23:52:41'),
(2433, 217, 36, 'Học phí môn Quản Lý Dự Án', 1200000.00, NULL, '2024-12-25 23:52:41'),
(2434, 218, 36, 'Học phí môn Quản Lý Dự Án', 1200000.00, NULL, '2024-12-25 23:52:41'),
(2435, 219, 36, 'Học phí môn Quản Lý Dự Án', 1200000.00, NULL, '2024-12-25 23:52:41'),
(2436, 220, 36, 'Học phí môn Quản Lý Dự Án', 1200000.00, NULL, '2024-12-25 23:52:41'),
(2437, 221, 36, 'Học phí môn Quản Lý Dự Án', 1200000.00, NULL, '2024-12-25 23:52:41'),
(2438, 222, 36, 'Học phí môn Quản Lý Dự Án', 1200000.00, NULL, '2024-12-25 23:52:41'),
(2439, 223, 36, 'Học phí môn Quản Lý Dự Án', 1200000.00, NULL, '2024-12-25 23:52:41'),
(2440, 224, 36, 'Học phí môn Quản Lý Dự Án', 1200000.00, NULL, '2024-12-25 23:52:41'),
(2441, 225, 36, 'Học phí môn Quản Lý Dự Án', 1200000.00, NULL, '2024-12-25 23:52:41'),
(2442, 226, 36, 'Học phí môn Quản Lý Dự Án', 1200000.00, NULL, '2024-12-25 23:52:41'),
(2443, 227, 36, 'Học phí môn Quản Lý Dự Án', 1200000.00, NULL, '2024-12-25 23:52:41'),
(2444, 228, 36, 'Học phí môn Quản Lý Dự Án', 1200000.00, NULL, '2024-12-25 23:52:41'),
(2445, 229, 36, 'Học phí môn Quản Lý Dự Án', 1200000.00, NULL, '2024-12-25 23:52:41'),
(2446, 230, 36, 'Học phí môn Quản Lý Dự Án', 1200000.00, NULL, '2024-12-25 23:52:41'),
(2447, 231, 36, 'Học phí môn Quản Lý Dự Án', 1200000.00, NULL, '2024-12-25 23:52:41'),
(2448, 233, 36, 'Học phí môn Quản Lý Dự Án', 1200000.00, NULL, '2024-12-25 23:52:41'),
(2449, 234, 36, 'Học phí môn Quản Lý Dự Án', 1200000.00, NULL, '2024-12-25 23:52:41'),
(2450, 235, 36, 'Học phí môn Quản Lý Dự Án', 1200000.00, NULL, '2024-12-25 23:52:41'),
(2451, 236, 36, 'Học phí môn Quản Lý Dự Án', 1200000.00, NULL, '2024-12-25 23:52:41'),
(2452, 237, 36, 'Học phí môn Quản Lý Dự Án', 1200000.00, NULL, '2024-12-25 23:52:41'),
(2453, 238, 36, 'Học phí môn Quản Lý Dự Án', 1200000.00, NULL, '2024-12-25 23:52:41'),
(2454, 239, 36, 'Học phí môn Quản Lý Dự Án', 1200000.00, NULL, '2024-12-25 23:52:41'),
(2485, 190, 37, 'Học phí môn Điện Tử Viễn Thông', 900000.00, NULL, '2024-12-25 23:52:41'),
(2486, 191, 37, 'Học phí môn Điện Tử Viễn Thông', 900000.00, NULL, '2024-12-25 23:52:41'),
(2487, 192, 37, 'Học phí môn Điện Tử Viễn Thông', 900000.00, NULL, '2024-12-25 23:52:41'),
(2488, 193, 37, 'Học phí môn Điện Tử Viễn Thông', 900000.00, NULL, '2024-12-25 23:52:41'),
(2489, 194, 37, 'Học phí môn Điện Tử Viễn Thông', 900000.00, NULL, '2024-12-25 23:52:41'),
(2490, 195, 37, 'Học phí môn Điện Tử Viễn Thông', 900000.00, NULL, '2024-12-25 23:52:41'),
(2491, 196, 37, 'Học phí môn Điện Tử Viễn Thông', 900000.00, NULL, '2024-12-25 23:52:41'),
(2492, 197, 37, 'Học phí môn Điện Tử Viễn Thông', 900000.00, NULL, '2024-12-25 23:52:41'),
(2493, 198, 37, 'Học phí môn Điện Tử Viễn Thông', 900000.00, NULL, '2024-12-25 23:52:41'),
(2494, 199, 37, 'Học phí môn Điện Tử Viễn Thông', 900000.00, NULL, '2024-12-25 23:52:41'),
(2495, 200, 37, 'Học phí môn Điện Tử Viễn Thông', 900000.00, NULL, '2024-12-25 23:52:41'),
(2496, 201, 37, 'Học phí môn Điện Tử Viễn Thông', 900000.00, NULL, '2024-12-25 23:52:41'),
(2497, 202, 37, 'Học phí môn Điện Tử Viễn Thông', 900000.00, NULL, '2024-12-25 23:52:41'),
(2498, 203, 37, 'Học phí môn Điện Tử Viễn Thông', 900000.00, NULL, '2024-12-25 23:52:41'),
(2499, 204, 37, 'Học phí môn Điện Tử Viễn Thông', 900000.00, NULL, '2024-12-25 23:52:41'),
(2500, 205, 37, 'Học phí môn Điện Tử Viễn Thông', 900000.00, NULL, '2024-12-25 23:52:41'),
(2501, 206, 37, 'Học phí môn Điện Tử Viễn Thông', 900000.00, NULL, '2024-12-25 23:52:41'),
(2502, 207, 37, 'Học phí môn Điện Tử Viễn Thông', 900000.00, NULL, '2024-12-25 23:52:41'),
(2503, 208, 37, 'Học phí môn Điện Tử Viễn Thông', 900000.00, NULL, '2024-12-25 23:52:41'),
(2504, 209, 37, 'Học phí môn Điện Tử Viễn Thông', 900000.00, NULL, '2024-12-25 23:52:41'),
(2505, 210, 37, 'Học phí môn Điện Tử Viễn Thông', 900000.00, NULL, '2024-12-25 23:52:41'),
(2506, 211, 37, 'Học phí môn Điện Tử Viễn Thông', 900000.00, NULL, '2024-12-25 23:52:41'),
(2507, 212, 37, 'Học phí môn Điện Tử Viễn Thông', 900000.00, NULL, '2024-12-25 23:52:41'),
(2508, 213, 37, 'Học phí môn Điện Tử Viễn Thông', 900000.00, NULL, '2024-12-25 23:52:41'),
(2509, 214, 37, 'Học phí môn Điện Tử Viễn Thông', 900000.00, NULL, '2024-12-25 23:52:41'),
(2510, 215, 37, 'Học phí môn Điện Tử Viễn Thông', 900000.00, NULL, '2024-12-25 23:52:41'),
(2511, 216, 37, 'Học phí môn Điện Tử Viễn Thông', 900000.00, NULL, '2024-12-25 23:52:41'),
(2512, 217, 37, 'Học phí môn Điện Tử Viễn Thông', 900000.00, NULL, '2024-12-25 23:52:41'),
(2513, 218, 37, 'Học phí môn Điện Tử Viễn Thông', 900000.00, NULL, '2024-12-25 23:52:41'),
(2514, 219, 37, 'Học phí môn Điện Tử Viễn Thông', 900000.00, NULL, '2024-12-25 23:52:41'),
(2515, 220, 37, 'Học phí môn Điện Tử Viễn Thông', 900000.00, NULL, '2024-12-25 23:52:41'),
(2516, 221, 37, 'Học phí môn Điện Tử Viễn Thông', 900000.00, NULL, '2024-12-25 23:52:41'),
(2517, 222, 37, 'Học phí môn Điện Tử Viễn Thông', 900000.00, NULL, '2024-12-25 23:52:41'),
(2518, 223, 37, 'Học phí môn Điện Tử Viễn Thông', 900000.00, NULL, '2024-12-25 23:52:41'),
(2519, 224, 37, 'Học phí môn Điện Tử Viễn Thông', 900000.00, NULL, '2024-12-25 23:52:41'),
(2520, 225, 37, 'Học phí môn Điện Tử Viễn Thông', 900000.00, NULL, '2024-12-25 23:52:41'),
(2521, 226, 37, 'Học phí môn Điện Tử Viễn Thông', 900000.00, NULL, '2024-12-25 23:52:41'),
(2522, 227, 37, 'Học phí môn Điện Tử Viễn Thông', 900000.00, NULL, '2024-12-25 23:52:41'),
(2523, 228, 37, 'Học phí môn Điện Tử Viễn Thông', 900000.00, NULL, '2024-12-25 23:52:41'),
(2524, 229, 37, 'Học phí môn Điện Tử Viễn Thông', 900000.00, NULL, '2024-12-25 23:52:41'),
(2525, 230, 37, 'Học phí môn Điện Tử Viễn Thông', 900000.00, NULL, '2024-12-25 23:52:41'),
(2526, 231, 37, 'Học phí môn Điện Tử Viễn Thông', 900000.00, NULL, '2024-12-25 23:52:41'),
(2527, 233, 37, 'Học phí môn Điện Tử Viễn Thông', 900000.00, NULL, '2024-12-25 23:52:41'),
(2528, 234, 37, 'Học phí môn Điện Tử Viễn Thông', 900000.00, NULL, '2024-12-25 23:52:41'),
(2529, 235, 37, 'Học phí môn Điện Tử Viễn Thông', 900000.00, NULL, '2024-12-25 23:52:41'),
(2530, 236, 37, 'Học phí môn Điện Tử Viễn Thông', 900000.00, NULL, '2024-12-25 23:52:41'),
(2531, 237, 37, 'Học phí môn Điện Tử Viễn Thông', 900000.00, NULL, '2024-12-25 23:52:41'),
(2532, 238, 37, 'Học phí môn Điện Tử Viễn Thông', 900000.00, NULL, '2024-12-25 23:52:41'),
(2533, 239, 37, 'Học phí môn Điện Tử Viễn Thông', 900000.00, NULL, '2024-12-25 23:52:41'),
(2564, 190, 38, 'Học phí môn Kỹ Thuật Điện Tử', 900000.00, NULL, '2024-12-25 23:52:41'),
(2565, 191, 38, 'Học phí môn Kỹ Thuật Điện Tử', 900000.00, NULL, '2024-12-25 23:52:41'),
(2566, 192, 38, 'Học phí môn Kỹ Thuật Điện Tử', 900000.00, NULL, '2024-12-25 23:52:41'),
(2567, 193, 38, 'Học phí môn Kỹ Thuật Điện Tử', 900000.00, NULL, '2024-12-25 23:52:41'),
(2568, 194, 38, 'Học phí môn Kỹ Thuật Điện Tử', 900000.00, NULL, '2024-12-25 23:52:41'),
(2569, 195, 38, 'Học phí môn Kỹ Thuật Điện Tử', 900000.00, NULL, '2024-12-25 23:52:41'),
(2570, 196, 38, 'Học phí môn Kỹ Thuật Điện Tử', 900000.00, NULL, '2024-12-25 23:52:41'),
(2571, 197, 38, 'Học phí môn Kỹ Thuật Điện Tử', 900000.00, NULL, '2024-12-25 23:52:41'),
(2572, 198, 38, 'Học phí môn Kỹ Thuật Điện Tử', 900000.00, NULL, '2024-12-25 23:52:41'),
(2573, 199, 38, 'Học phí môn Kỹ Thuật Điện Tử', 900000.00, NULL, '2024-12-25 23:52:41'),
(2574, 200, 38, 'Học phí môn Kỹ Thuật Điện Tử', 900000.00, NULL, '2024-12-25 23:52:41'),
(2575, 201, 38, 'Học phí môn Kỹ Thuật Điện Tử', 900000.00, NULL, '2024-12-25 23:52:41'),
(2576, 202, 38, 'Học phí môn Kỹ Thuật Điện Tử', 900000.00, NULL, '2024-12-25 23:52:41'),
(2577, 203, 38, 'Học phí môn Kỹ Thuật Điện Tử', 900000.00, NULL, '2024-12-25 23:52:41'),
(2578, 204, 38, 'Học phí môn Kỹ Thuật Điện Tử', 900000.00, NULL, '2024-12-25 23:52:41'),
(2579, 205, 38, 'Học phí môn Kỹ Thuật Điện Tử', 900000.00, NULL, '2024-12-25 23:52:41'),
(2580, 206, 38, 'Học phí môn Kỹ Thuật Điện Tử', 900000.00, NULL, '2024-12-25 23:52:41'),
(2581, 207, 38, 'Học phí môn Kỹ Thuật Điện Tử', 900000.00, NULL, '2024-12-25 23:52:41'),
(2582, 208, 38, 'Học phí môn Kỹ Thuật Điện Tử', 900000.00, NULL, '2024-12-25 23:52:41'),
(2583, 209, 38, 'Học phí môn Kỹ Thuật Điện Tử', 900000.00, NULL, '2024-12-25 23:52:41'),
(2584, 210, 38, 'Học phí môn Kỹ Thuật Điện Tử', 900000.00, NULL, '2024-12-25 23:52:41'),
(2585, 211, 38, 'Học phí môn Kỹ Thuật Điện Tử', 900000.00, NULL, '2024-12-25 23:52:41'),
(2586, 212, 38, 'Học phí môn Kỹ Thuật Điện Tử', 900000.00, NULL, '2024-12-25 23:52:41'),
(2587, 213, 38, 'Học phí môn Kỹ Thuật Điện Tử', 900000.00, NULL, '2024-12-25 23:52:41'),
(2588, 214, 38, 'Học phí môn Kỹ Thuật Điện Tử', 900000.00, NULL, '2024-12-25 23:52:41'),
(2589, 215, 38, 'Học phí môn Kỹ Thuật Điện Tử', 900000.00, NULL, '2024-12-25 23:52:41'),
(2590, 216, 38, 'Học phí môn Kỹ Thuật Điện Tử', 900000.00, NULL, '2024-12-25 23:52:41'),
(2591, 217, 38, 'Học phí môn Kỹ Thuật Điện Tử', 900000.00, NULL, '2024-12-25 23:52:41'),
(2592, 218, 38, 'Học phí môn Kỹ Thuật Điện Tử', 900000.00, NULL, '2024-12-25 23:52:41'),
(2593, 219, 38, 'Học phí môn Kỹ Thuật Điện Tử', 900000.00, NULL, '2024-12-25 23:52:41'),
(2594, 220, 38, 'Học phí môn Kỹ Thuật Điện Tử', 900000.00, NULL, '2024-12-25 23:52:41'),
(2595, 221, 38, 'Học phí môn Kỹ Thuật Điện Tử', 900000.00, NULL, '2024-12-25 23:52:41'),
(2596, 222, 38, 'Học phí môn Kỹ Thuật Điện Tử', 900000.00, NULL, '2024-12-25 23:52:41'),
(2597, 223, 38, 'Học phí môn Kỹ Thuật Điện Tử', 900000.00, NULL, '2024-12-25 23:52:41'),
(2598, 224, 38, 'Học phí môn Kỹ Thuật Điện Tử', 900000.00, NULL, '2024-12-25 23:52:41'),
(2599, 225, 38, 'Học phí môn Kỹ Thuật Điện Tử', 900000.00, NULL, '2024-12-25 23:52:41'),
(2600, 226, 38, 'Học phí môn Kỹ Thuật Điện Tử', 900000.00, NULL, '2024-12-25 23:52:41'),
(2601, 227, 38, 'Học phí môn Kỹ Thuật Điện Tử', 900000.00, NULL, '2024-12-25 23:52:41'),
(2602, 228, 38, 'Học phí môn Kỹ Thuật Điện Tử', 900000.00, NULL, '2024-12-25 23:52:41'),
(2603, 229, 38, 'Học phí môn Kỹ Thuật Điện Tử', 900000.00, NULL, '2024-12-25 23:52:41'),
(2604, 230, 38, 'Học phí môn Kỹ Thuật Điện Tử', 900000.00, NULL, '2024-12-25 23:52:41'),
(2605, 231, 38, 'Học phí môn Kỹ Thuật Điện Tử', 900000.00, NULL, '2024-12-25 23:52:41'),
(2606, 233, 38, 'Học phí môn Kỹ Thuật Điện Tử', 900000.00, NULL, '2024-12-25 23:52:41'),
(2607, 234, 38, 'Học phí môn Kỹ Thuật Điện Tử', 900000.00, NULL, '2024-12-25 23:52:41'),
(2608, 235, 38, 'Học phí môn Kỹ Thuật Điện Tử', 900000.00, NULL, '2024-12-25 23:52:41'),
(2609, 236, 38, 'Học phí môn Kỹ Thuật Điện Tử', 900000.00, NULL, '2024-12-25 23:52:41'),
(2610, 237, 38, 'Học phí môn Kỹ Thuật Điện Tử', 900000.00, NULL, '2024-12-25 23:52:41'),
(2611, 238, 38, 'Học phí môn Kỹ Thuật Điện Tử', 900000.00, NULL, '2024-12-25 23:52:41'),
(2612, 239, 38, 'Học phí môn Kỹ Thuật Điện Tử', 900000.00, NULL, '2024-12-25 23:52:41'),
(2643, 190, 39, 'Học phí môn Viễn Thông và Mạng', 1200000.00, NULL, '2024-12-25 23:52:41'),
(2644, 191, 39, 'Học phí môn Viễn Thông và Mạng', 1200000.00, NULL, '2024-12-25 23:52:41'),
(2645, 192, 39, 'Học phí môn Viễn Thông và Mạng', 1200000.00, NULL, '2024-12-25 23:52:41'),
(2646, 193, 39, 'Học phí môn Viễn Thông và Mạng', 1200000.00, NULL, '2024-12-25 23:52:41'),
(2647, 194, 39, 'Học phí môn Viễn Thông và Mạng', 1200000.00, NULL, '2024-12-25 23:52:41'),
(2648, 195, 39, 'Học phí môn Viễn Thông và Mạng', 1200000.00, NULL, '2024-12-25 23:52:41'),
(2649, 196, 39, 'Học phí môn Viễn Thông và Mạng', 1200000.00, NULL, '2024-12-25 23:52:41'),
(2650, 197, 39, 'Học phí môn Viễn Thông và Mạng', 1200000.00, NULL, '2024-12-25 23:52:41'),
(2651, 198, 39, 'Học phí môn Viễn Thông và Mạng', 1200000.00, NULL, '2024-12-25 23:52:41'),
(2652, 199, 39, 'Học phí môn Viễn Thông và Mạng', 1200000.00, NULL, '2024-12-25 23:52:41'),
(2653, 200, 39, 'Học phí môn Viễn Thông và Mạng', 1200000.00, NULL, '2024-12-25 23:52:41'),
(2654, 201, 39, 'Học phí môn Viễn Thông và Mạng', 1200000.00, NULL, '2024-12-25 23:52:41'),
(2655, 202, 39, 'Học phí môn Viễn Thông và Mạng', 1200000.00, NULL, '2024-12-25 23:52:41'),
(2656, 203, 39, 'Học phí môn Viễn Thông và Mạng', 1200000.00, NULL, '2024-12-25 23:52:41'),
(2657, 204, 39, 'Học phí môn Viễn Thông và Mạng', 1200000.00, NULL, '2024-12-25 23:52:41'),
(2658, 205, 39, 'Học phí môn Viễn Thông và Mạng', 1200000.00, NULL, '2024-12-25 23:52:41'),
(2659, 206, 39, 'Học phí môn Viễn Thông và Mạng', 1200000.00, NULL, '2024-12-25 23:52:41'),
(2660, 207, 39, 'Học phí môn Viễn Thông và Mạng', 1200000.00, NULL, '2024-12-25 23:52:41'),
(2661, 208, 39, 'Học phí môn Viễn Thông và Mạng', 1200000.00, NULL, '2024-12-25 23:52:41'),
(2662, 209, 39, 'Học phí môn Viễn Thông và Mạng', 1200000.00, NULL, '2024-12-25 23:52:41'),
(2663, 210, 39, 'Học phí môn Viễn Thông và Mạng', 1200000.00, NULL, '2024-12-25 23:52:41'),
(2664, 211, 39, 'Học phí môn Viễn Thông và Mạng', 1200000.00, NULL, '2024-12-25 23:52:41'),
(2665, 212, 39, 'Học phí môn Viễn Thông và Mạng', 1200000.00, NULL, '2024-12-25 23:52:41'),
(2666, 213, 39, 'Học phí môn Viễn Thông và Mạng', 1200000.00, NULL, '2024-12-25 23:52:41'),
(2667, 214, 39, 'Học phí môn Viễn Thông và Mạng', 1200000.00, NULL, '2024-12-25 23:52:41'),
(2668, 215, 39, 'Học phí môn Viễn Thông và Mạng', 1200000.00, NULL, '2024-12-25 23:52:41'),
(2669, 216, 39, 'Học phí môn Viễn Thông và Mạng', 1200000.00, NULL, '2024-12-25 23:52:41'),
(2670, 217, 39, 'Học phí môn Viễn Thông và Mạng', 1200000.00, NULL, '2024-12-25 23:52:41'),
(2671, 218, 39, 'Học phí môn Viễn Thông và Mạng', 1200000.00, NULL, '2024-12-25 23:52:41'),
(2672, 219, 39, 'Học phí môn Viễn Thông và Mạng', 1200000.00, NULL, '2024-12-25 23:52:41'),
(2673, 220, 39, 'Học phí môn Viễn Thông và Mạng', 1200000.00, NULL, '2024-12-25 23:52:41'),
(2674, 221, 39, 'Học phí môn Viễn Thông và Mạng', 1200000.00, NULL, '2024-12-25 23:52:41'),
(2675, 222, 39, 'Học phí môn Viễn Thông và Mạng', 1200000.00, NULL, '2024-12-25 23:52:41'),
(2676, 223, 39, 'Học phí môn Viễn Thông và Mạng', 1200000.00, NULL, '2024-12-25 23:52:41'),
(2677, 224, 39, 'Học phí môn Viễn Thông và Mạng', 1200000.00, NULL, '2024-12-25 23:52:41'),
(2678, 225, 39, 'Học phí môn Viễn Thông và Mạng', 1200000.00, NULL, '2024-12-25 23:52:41'),
(2679, 226, 39, 'Học phí môn Viễn Thông và Mạng', 1200000.00, NULL, '2024-12-25 23:52:41'),
(2680, 227, 39, 'Học phí môn Viễn Thông và Mạng', 1200000.00, NULL, '2024-12-25 23:52:41'),
(2681, 228, 39, 'Học phí môn Viễn Thông và Mạng', 1200000.00, NULL, '2024-12-25 23:52:41'),
(2682, 229, 39, 'Học phí môn Viễn Thông và Mạng', 1200000.00, NULL, '2024-12-25 23:52:41'),
(2683, 230, 39, 'Học phí môn Viễn Thông và Mạng', 1200000.00, NULL, '2024-12-25 23:52:41'),
(2684, 231, 39, 'Học phí môn Viễn Thông và Mạng', 1200000.00, NULL, '2024-12-25 23:52:41'),
(2685, 233, 39, 'Học phí môn Viễn Thông và Mạng', 1200000.00, NULL, '2024-12-25 23:52:41'),
(2686, 234, 39, 'Học phí môn Viễn Thông và Mạng', 1200000.00, NULL, '2024-12-25 23:52:41'),
(2687, 235, 39, 'Học phí môn Viễn Thông và Mạng', 1200000.00, NULL, '2024-12-25 23:52:41'),
(2688, 236, 39, 'Học phí môn Viễn Thông và Mạng', 1200000.00, NULL, '2024-12-25 23:52:41'),
(2689, 237, 39, 'Học phí môn Viễn Thông và Mạng', 1200000.00, NULL, '2024-12-25 23:52:41'),
(2690, 238, 39, 'Học phí môn Viễn Thông và Mạng', 1200000.00, NULL, '2024-12-25 23:52:41'),
(2691, 239, 39, 'Học phí môn Viễn Thông và Mạng', 1200000.00, NULL, '2024-12-25 23:52:41'),
(2722, 190, 40, 'Học phí môn Mạng và An Toàn Thông Tin', 900000.00, NULL, '2024-12-25 23:52:41'),
(2723, 191, 40, 'Học phí môn Mạng và An Toàn Thông Tin', 900000.00, NULL, '2024-12-25 23:52:41'),
(2724, 192, 40, 'Học phí môn Mạng và An Toàn Thông Tin', 900000.00, NULL, '2024-12-25 23:52:41'),
(2725, 193, 40, 'Học phí môn Mạng và An Toàn Thông Tin', 900000.00, NULL, '2024-12-25 23:52:41'),
(2726, 194, 40, 'Học phí môn Mạng và An Toàn Thông Tin', 900000.00, NULL, '2024-12-25 23:52:41'),
(2727, 195, 40, 'Học phí môn Mạng và An Toàn Thông Tin', 900000.00, NULL, '2024-12-25 23:52:41'),
(2728, 196, 40, 'Học phí môn Mạng và An Toàn Thông Tin', 900000.00, NULL, '2024-12-25 23:52:41'),
(2729, 197, 40, 'Học phí môn Mạng và An Toàn Thông Tin', 900000.00, NULL, '2024-12-25 23:52:41'),
(2730, 198, 40, 'Học phí môn Mạng và An Toàn Thông Tin', 900000.00, NULL, '2024-12-25 23:52:41'),
(2731, 199, 40, 'Học phí môn Mạng và An Toàn Thông Tin', 900000.00, NULL, '2024-12-25 23:52:41'),
(2732, 200, 40, 'Học phí môn Mạng và An Toàn Thông Tin', 900000.00, NULL, '2024-12-25 23:52:41'),
(2733, 201, 40, 'Học phí môn Mạng và An Toàn Thông Tin', 900000.00, NULL, '2024-12-25 23:52:41'),
(2734, 202, 40, 'Học phí môn Mạng và An Toàn Thông Tin', 900000.00, NULL, '2024-12-25 23:52:41'),
(2735, 203, 40, 'Học phí môn Mạng và An Toàn Thông Tin', 900000.00, NULL, '2024-12-25 23:52:41'),
(2736, 204, 40, 'Học phí môn Mạng và An Toàn Thông Tin', 900000.00, NULL, '2024-12-25 23:52:41'),
(2737, 205, 40, 'Học phí môn Mạng và An Toàn Thông Tin', 900000.00, NULL, '2024-12-25 23:52:41'),
(2738, 206, 40, 'Học phí môn Mạng và An Toàn Thông Tin', 900000.00, NULL, '2024-12-25 23:52:41'),
(2739, 207, 40, 'Học phí môn Mạng và An Toàn Thông Tin', 900000.00, NULL, '2024-12-25 23:52:41'),
(2740, 208, 40, 'Học phí môn Mạng và An Toàn Thông Tin', 900000.00, NULL, '2024-12-25 23:52:41'),
(2741, 209, 40, 'Học phí môn Mạng và An Toàn Thông Tin', 900000.00, NULL, '2024-12-25 23:52:41'),
(2742, 210, 40, 'Học phí môn Mạng và An Toàn Thông Tin', 900000.00, NULL, '2024-12-25 23:52:41'),
(2743, 211, 40, 'Học phí môn Mạng và An Toàn Thông Tin', 900000.00, NULL, '2024-12-25 23:52:41'),
(2744, 212, 40, 'Học phí môn Mạng và An Toàn Thông Tin', 900000.00, NULL, '2024-12-25 23:52:41'),
(2745, 213, 40, 'Học phí môn Mạng và An Toàn Thông Tin', 900000.00, NULL, '2024-12-25 23:52:41'),
(2746, 214, 40, 'Học phí môn Mạng và An Toàn Thông Tin', 900000.00, NULL, '2024-12-25 23:52:41'),
(2747, 215, 40, 'Học phí môn Mạng và An Toàn Thông Tin', 900000.00, NULL, '2024-12-25 23:52:41'),
(2748, 216, 40, 'Học phí môn Mạng và An Toàn Thông Tin', 900000.00, NULL, '2024-12-25 23:52:41'),
(2749, 217, 40, 'Học phí môn Mạng và An Toàn Thông Tin', 900000.00, NULL, '2024-12-25 23:52:41'),
(2750, 218, 40, 'Học phí môn Mạng và An Toàn Thông Tin', 900000.00, NULL, '2024-12-25 23:52:41'),
(2751, 219, 40, 'Học phí môn Mạng và An Toàn Thông Tin', 900000.00, NULL, '2024-12-25 23:52:41'),
(2752, 220, 40, 'Học phí môn Mạng và An Toàn Thông Tin', 900000.00, NULL, '2024-12-25 23:52:41'),
(2753, 221, 40, 'Học phí môn Mạng và An Toàn Thông Tin', 900000.00, NULL, '2024-12-25 23:52:41'),
(2754, 222, 40, 'Học phí môn Mạng và An Toàn Thông Tin', 900000.00, NULL, '2024-12-25 23:52:41'),
(2755, 223, 40, 'Học phí môn Mạng và An Toàn Thông Tin', 900000.00, NULL, '2024-12-25 23:52:41'),
(2756, 224, 40, 'Học phí môn Mạng và An Toàn Thông Tin', 900000.00, NULL, '2024-12-25 23:52:41'),
(2757, 225, 40, 'Học phí môn Mạng và An Toàn Thông Tin', 900000.00, NULL, '2024-12-25 23:52:41'),
(2758, 226, 40, 'Học phí môn Mạng và An Toàn Thông Tin', 900000.00, NULL, '2024-12-25 23:52:41'),
(2759, 227, 40, 'Học phí môn Mạng và An Toàn Thông Tin', 900000.00, NULL, '2024-12-25 23:52:41'),
(2760, 228, 40, 'Học phí môn Mạng và An Toàn Thông Tin', 900000.00, NULL, '2024-12-25 23:52:41'),
(2761, 229, 40, 'Học phí môn Mạng và An Toàn Thông Tin', 900000.00, NULL, '2024-12-25 23:52:41'),
(2762, 230, 40, 'Học phí môn Mạng và An Toàn Thông Tin', 900000.00, NULL, '2024-12-25 23:52:41'),
(2763, 231, 40, 'Học phí môn Mạng và An Toàn Thông Tin', 900000.00, NULL, '2024-12-25 23:52:41'),
(2764, 233, 40, 'Học phí môn Mạng và An Toàn Thông Tin', 900000.00, NULL, '2024-12-25 23:52:41'),
(2765, 234, 40, 'Học phí môn Mạng và An Toàn Thông Tin', 900000.00, NULL, '2024-12-25 23:52:41'),
(2766, 235, 40, 'Học phí môn Mạng và An Toàn Thông Tin', 900000.00, NULL, '2024-12-25 23:52:41'),
(2767, 236, 40, 'Học phí môn Mạng và An Toàn Thông Tin', 900000.00, NULL, '2024-12-25 23:52:41'),
(2768, 237, 40, 'Học phí môn Mạng và An Toàn Thông Tin', 900000.00, NULL, '2024-12-25 23:52:41'),
(2769, 238, 40, 'Học phí môn Mạng và An Toàn Thông Tin', 900000.00, NULL, '2024-12-25 23:52:41'),
(2770, 239, 40, 'Học phí môn Mạng và An Toàn Thông Tin', 900000.00, NULL, '2024-12-25 23:52:41'),
(2771, 220, 41, 'Học phí môn Xử Lý Tín Hiệu', 1200000.00, NULL, '2024-12-25 23:52:41'),
(2772, 221, 41, 'Học phí môn Xử Lý Tín Hiệu', 1200000.00, NULL, '2024-12-25 23:52:41'),
(2773, 222, 41, 'Học phí môn Xử Lý Tín Hiệu', 1200000.00, NULL, '2024-12-25 23:52:41'),
(2774, 223, 41, 'Học phí môn Xử Lý Tín Hiệu', 1200000.00, NULL, '2024-12-25 23:52:41'),
(2775, 224, 41, 'Học phí môn Xử Lý Tín Hiệu', 1200000.00, NULL, '2024-12-25 23:52:41'),
(2776, 225, 41, 'Học phí môn Xử Lý Tín Hiệu', 1200000.00, NULL, '2024-12-25 23:52:41'),
(2777, 226, 41, 'Học phí môn Xử Lý Tín Hiệu', 1200000.00, NULL, '2024-12-25 23:52:41'),
(2778, 227, 41, 'Học phí môn Xử Lý Tín Hiệu', 1200000.00, NULL, '2024-12-25 23:52:41'),
(2779, 228, 41, 'Học phí môn Xử Lý Tín Hiệu', 1200000.00, NULL, '2024-12-25 23:52:41'),
(2780, 229, 41, 'Học phí môn Xử Lý Tín Hiệu', 1200000.00, NULL, '2024-12-25 23:52:41'),
(2781, 230, 41, 'Học phí môn Xử Lý Tín Hiệu', 1200000.00, NULL, '2024-12-25 23:52:41'),
(2782, 231, 41, 'Học phí môn Xử Lý Tín Hiệu', 1200000.00, NULL, '2024-12-25 23:52:41'),
(2783, 233, 41, 'Học phí môn Xử Lý Tín Hiệu', 1200000.00, NULL, '2024-12-25 23:52:41'),
(2784, 234, 41, 'Học phí môn Xử Lý Tín Hiệu', 1200000.00, NULL, '2024-12-25 23:52:41'),
(2785, 235, 41, 'Học phí môn Xử Lý Tín Hiệu', 1200000.00, NULL, '2024-12-25 23:52:41'),
(2786, 236, 41, 'Học phí môn Xử Lý Tín Hiệu', 1200000.00, NULL, '2024-12-25 23:52:41'),
(2787, 237, 41, 'Học phí môn Xử Lý Tín Hiệu', 1200000.00, NULL, '2024-12-25 23:52:41'),
(2788, 238, 41, 'Học phí môn Xử Lý Tín Hiệu', 1200000.00, NULL, '2024-12-25 23:52:41'),
(2789, 239, 41, 'Học phí môn Xử Lý Tín Hiệu', 1200000.00, NULL, '2024-12-25 23:52:41'),
(2790, 232, 41, 'Học phí môn Xử Lý Tín Hiệu', 1200000.00, NULL, '2024-12-25 23:52:41'),
(2791, 220, 42, 'Học phí môn Điện Tử Công Nghiệp', 900000.00, NULL, '2024-12-25 23:52:41'),
(2792, 221, 42, 'Học phí môn Điện Tử Công Nghiệp', 900000.00, NULL, '2024-12-25 23:52:41'),
(2793, 222, 42, 'Học phí môn Điện Tử Công Nghiệp', 900000.00, NULL, '2024-12-25 23:52:41'),
(2794, 223, 42, 'Học phí môn Điện Tử Công Nghiệp', 900000.00, NULL, '2024-12-25 23:52:41'),
(2795, 224, 42, 'Học phí môn Điện Tử Công Nghiệp', 900000.00, NULL, '2024-12-25 23:52:41'),
(2796, 225, 42, 'Học phí môn Điện Tử Công Nghiệp', 900000.00, NULL, '2024-12-25 23:52:41'),
(2797, 226, 42, 'Học phí môn Điện Tử Công Nghiệp', 900000.00, NULL, '2024-12-25 23:52:41'),
(2798, 227, 42, 'Học phí môn Điện Tử Công Nghiệp', 900000.00, NULL, '2024-12-25 23:52:41'),
(2799, 228, 42, 'Học phí môn Điện Tử Công Nghiệp', 900000.00, NULL, '2024-12-25 23:52:41'),
(2800, 229, 42, 'Học phí môn Điện Tử Công Nghiệp', 900000.00, NULL, '2024-12-25 23:52:41'),
(2801, 230, 42, 'Học phí môn Điện Tử Công Nghiệp', 900000.00, NULL, '2024-12-25 23:52:41'),
(2802, 231, 42, 'Học phí môn Điện Tử Công Nghiệp', 900000.00, NULL, '2024-12-25 23:52:41'),
(2803, 233, 42, 'Học phí môn Điện Tử Công Nghiệp', 900000.00, NULL, '2024-12-25 23:52:41'),
(2804, 234, 42, 'Học phí môn Điện Tử Công Nghiệp', 900000.00, NULL, '2024-12-25 23:52:41'),
(2805, 235, 42, 'Học phí môn Điện Tử Công Nghiệp', 900000.00, NULL, '2024-12-25 23:52:41'),
(2806, 236, 42, 'Học phí môn Điện Tử Công Nghiệp', 900000.00, NULL, '2024-12-25 23:52:41'),
(2807, 237, 42, 'Học phí môn Điện Tử Công Nghiệp', 900000.00, NULL, '2024-12-25 23:52:41'),
(2808, 238, 42, 'Học phí môn Điện Tử Công Nghiệp', 900000.00, NULL, '2024-12-25 23:52:41'),
(2809, 239, 42, 'Học phí môn Điện Tử Công Nghiệp', 900000.00, NULL, '2024-12-25 23:52:41'),
(2810, 232, 42, 'Học phí môn Điện Tử Công Nghiệp', 900000.00, NULL, '2024-12-25 23:52:41'),
(2811, 220, 43, 'Học phí môn Điện Tử Viễn Thông 2', 900000.00, NULL, '2024-12-25 23:52:41'),
(2812, 221, 43, 'Học phí môn Điện Tử Viễn Thông 2', 900000.00, NULL, '2024-12-25 23:52:41'),
(2813, 222, 43, 'Học phí môn Điện Tử Viễn Thông 2', 900000.00, NULL, '2024-12-25 23:52:41'),
(2814, 223, 43, 'Học phí môn Điện Tử Viễn Thông 2', 900000.00, NULL, '2024-12-25 23:52:41'),
(2815, 224, 43, 'Học phí môn Điện Tử Viễn Thông 2', 900000.00, NULL, '2024-12-25 23:52:41'),
(2816, 225, 43, 'Học phí môn Điện Tử Viễn Thông 2', 900000.00, NULL, '2024-12-25 23:52:41'),
(2817, 226, 43, 'Học phí môn Điện Tử Viễn Thông 2', 900000.00, NULL, '2024-12-25 23:52:41'),
(2818, 227, 43, 'Học phí môn Điện Tử Viễn Thông 2', 900000.00, NULL, '2024-12-25 23:52:41'),
(2819, 228, 43, 'Học phí môn Điện Tử Viễn Thông 2', 900000.00, NULL, '2024-12-25 23:52:41'),
(2820, 229, 43, 'Học phí môn Điện Tử Viễn Thông 2', 900000.00, NULL, '2024-12-25 23:52:41'),
(2821, 230, 43, 'Học phí môn Điện Tử Viễn Thông 2', 900000.00, NULL, '2024-12-25 23:52:41'),
(2822, 231, 43, 'Học phí môn Điện Tử Viễn Thông 2', 900000.00, NULL, '2024-12-25 23:52:41'),
(2823, 233, 43, 'Học phí môn Điện Tử Viễn Thông 2', 900000.00, NULL, '2024-12-25 23:52:41'),
(2824, 234, 43, 'Học phí môn Điện Tử Viễn Thông 2', 900000.00, NULL, '2024-12-25 23:52:41'),
(2825, 235, 43, 'Học phí môn Điện Tử Viễn Thông 2', 900000.00, NULL, '2024-12-25 23:52:41'),
(2826, 236, 43, 'Học phí môn Điện Tử Viễn Thông 2', 900000.00, NULL, '2024-12-25 23:52:41'),
(2827, 237, 43, 'Học phí môn Điện Tử Viễn Thông 2', 900000.00, NULL, '2024-12-25 23:52:41'),
(2828, 238, 43, 'Học phí môn Điện Tử Viễn Thông 2', 900000.00, NULL, '2024-12-25 23:52:41'),
(2829, 239, 43, 'Học phí môn Điện Tử Viễn Thông 2', 900000.00, NULL, '2024-12-25 23:52:41'),
(2830, 232, 43, 'Học phí môn Điện Tử Viễn Thông 2', 900000.00, NULL, '2024-12-25 23:52:41'),
(4096, 244, 1, 'Lập Trình C', 900000.00, NULL, '2024-12-31 09:28:46'),
(4097, 244, 2, 'Cấu Trúc Dữ Liệu', 1200000.00, NULL, '2024-12-31 09:28:46'),
(4098, 244, 3, 'Hệ Điều Hành', 900000.00, NULL, '2024-12-31 09:28:46'),
(4099, 244, 4, 'Mạng Máy Tính', 1200000.00, NULL, '2024-12-31 09:28:46'),
(4100, 244, 5, 'Kỹ Thuật Phần Mềm', 900000.00, NULL, '2024-12-31 09:28:46'),
(4101, 244, 6, 'An Toàn Thông Tin', 600000.00, NULL, '2024-12-31 09:28:46'),
(4102, 244, 7, 'Giải Thuật', 1200000.00, NULL, '2024-12-31 09:28:46'),
(4103, 244, 8, 'Khoa Học Dữ Liệu', 1200000.00, NULL, '2024-12-31 09:28:46'),
(4104, 244, 9, 'Lập Trình Java', 900000.00, NULL, '2024-12-31 09:28:46'),
(4105, 244, 10, 'Mạng Viễn Thông', 900000.00, NULL, '2024-12-31 09:28:46'),
(4106, 245, 11, 'Kinh Tế Vi Mô', 900000.00, NULL, '2024-12-31 09:38:35'),
(4107, 245, 12, 'Quản Trị Kinh Doanh', 900000.00, NULL, '2024-12-31 09:38:35'),
(4108, 245, 13, 'Kế Toán Quản Trị', 900000.00, NULL, '2024-12-31 09:38:35'),
(4109, 245, 14, 'Marketing', 1200000.00, NULL, '2024-12-31 09:38:35'),
(4110, 245, 15, 'Tài Chính Ngân Hàng', 1200000.00, NULL, '2024-12-31 09:38:35'),
(4111, 245, 16, 'Kinh Tế Lượng', 900000.00, NULL, '2024-12-31 09:38:35'),
(4112, 245, 17, 'Kinh Tế Học', 1200000.00, NULL, '2024-12-31 09:38:35'),
(4113, 245, 18, 'Lý Thuyết Tài Chính', 900000.00, NULL, '2024-12-31 09:38:35'),
(4114, 245, 19, 'Đầu Tư Tài Chính', 891000.00, 5, '2024-12-31 09:38:35'),
(4115, 245, 20, 'Pháp Luật Kinh Tế', 900000.00, NULL, '2024-12-31 09:38:35'),
(4116, 248, 1, 'Lập Trình C', 900000.00, NULL, '2024-12-31 10:34:28'),
(4117, 248, 2, 'Cấu Trúc Dữ Liệu', 1200000.00, NULL, '2024-12-31 10:34:28'),
(4118, 248, 3, 'Hệ Điều Hành', 900000.00, NULL, '2024-12-31 10:34:28'),
(4119, 248, 4, 'Mạng Máy Tính', 1200000.00, NULL, '2024-12-31 10:34:28'),
(4120, 248, 5, 'Kỹ Thuật Phần Mềm', 900000.00, NULL, '2024-12-31 10:34:28'),
(4121, 248, 6, 'An Toàn Thông Tin', 600000.00, NULL, '2024-12-31 10:34:28'),
(4122, 248, 7, 'Giải Thuật', 1200000.00, NULL, '2024-12-31 10:34:28'),
(4123, 248, 8, 'Khoa Học Dữ Liệu', 1200000.00, NULL, '2024-12-31 10:34:28'),
(4124, 248, 9, 'Lập Trình Java', 900000.00, NULL, '2024-12-31 10:34:28'),
(4125, 248, 10, 'Mạng Viễn Thông', 900000.00, NULL, '2024-12-31 10:34:28'),
(4126, 249, 11, 'Kinh Tế Vi Mô', 900000.00, NULL, '2024-12-31 10:37:42'),
(4127, 249, 12, 'Quản Trị Kinh Doanh', 900000.00, NULL, '2024-12-31 10:37:42'),
(4128, 249, 13, 'Kế Toán Quản Trị', 900000.00, NULL, '2024-12-31 10:37:42'),
(4129, 249, 14, 'Marketing', 1200000.00, NULL, '2024-12-31 10:37:42'),
(4130, 249, 15, 'Tài Chính Ngân Hàng', 1200000.00, NULL, '2024-12-31 10:37:42'),
(4131, 249, 16, 'Kinh Tế Lượng', 900000.00, NULL, '2024-12-31 10:37:42'),
(4132, 249, 17, 'Kinh Tế Học', 1200000.00, NULL, '2024-12-31 10:37:42'),
(4133, 249, 18, 'Lý Thuyết Tài Chính', 900000.00, NULL, '2024-12-31 10:37:42'),
(4134, 249, 19, 'Đầu Tư Tài Chính', 900000.00, NULL, '2024-12-31 10:37:42'),
(4135, 249, 20, 'Pháp Luật Kinh Tế', 900000.00, NULL, '2024-12-31 10:37:42'),
(4136, 250, 1, 'Lập Trình C', 900000.00, NULL, '2025-01-04 01:33:25'),
(4137, 250, 2, 'Cấu Trúc Dữ Liệu', 1200000.00, NULL, '2025-01-04 01:33:25'),
(4138, 250, 3, 'Hệ Điều Hành', 900000.00, NULL, '2025-01-04 01:33:25'),
(4139, 250, 4, 'Mạng Máy Tính', 1200000.00, NULL, '2025-01-04 01:33:25'),
(4140, 250, 5, 'Kỹ Thuật Phần Mềm', 900000.00, NULL, '2025-01-04 01:33:25'),
(4141, 250, 6, 'An Toàn Thông Tin', 600000.00, NULL, '2025-01-04 01:33:25'),
(4142, 250, 7, 'Giải Thuật', 1200000.00, NULL, '2025-01-04 01:33:25'),
(4143, 250, 8, 'Khoa Học Dữ Liệu', 1200000.00, NULL, '2025-01-04 01:33:25'),
(4144, 250, 9, 'Lập Trình Java', 900000.00, NULL, '2025-01-04 01:33:25'),
(4145, 250, 10, 'Mạng Viễn Thông', 900000.00, NULL, '2025-01-04 01:33:25');

-- --------------------------------------------------------

--
-- Table structure for table `chitietmonhoc`
--

CREATE TABLE `chitietmonhoc` (
  `id_chitietmonhoc` int(11) NOT NULL,
  `id_monhoc` int(11) NOT NULL,
  `mo_ta` text DEFAULT NULL,
  `so_tiet` int(11) NOT NULL
) ENGINE=InnoDB DEFAULT CHARSET=utf8mb4 COLLATE=utf8mb4_unicode_ci;

--
-- Dumping data for table `chitietmonhoc`
--

INSERT INTO `chitietmonhoc` (`id_chitietmonhoc`, `id_monhoc`, `mo_ta`, `so_tiet`) VALUES
(1, 1, 'Môn học cơ bản về lập trình C, giúp sinh viên nắm vững các khái niệm lập trình cơ bản.', 45),
(2, 2, 'Cấu trúc dữ liệu cơ bản và các thuật toán cần thiết cho lập trình hiệu quả.', 50),
(3, 3, 'Giới thiệu về hệ điều hành, các thành phần và chức năng của nó.', 55),
(4, 4, 'Môn học này giới thiệu các khái niệm về mạng máy tính và các giao thức mạng.', 60),
(5, 5, 'Phát triển phần mềm và các phương pháp lập trình ứng dụng.', 48),
(6, 6, 'Lý thuyết về bảo mật thông tin và các phương pháp bảo vệ hệ thống máy tính.', 40),
(7, 7, 'Nghiên cứu các thuật toán và cách tối ưu hóa hiệu quả xử lý dữ liệu.', 45),
(8, 8, 'Các khái niệm và ứng dụng của khoa học dữ liệu trong thực tế.', 50),
(9, 9, 'Môn học lập trình Java với các kỹ thuật phát triển ứng dụng phần mềm.', 50),
(10, 10, 'Mạng viễn thông và các hệ thống truyền tải thông tin.', 55),
(11, 11, 'Cơ sở của kinh tế vi mô và các mô hình kinh tế cơ bản.', 40),
(12, 12, 'Khái quát về quản lý doanh nghiệp và các nguyên lý quản trị kinh doanh.', 50),
(13, 13, 'Kế toán tài chính và quản trị, các quy trình tài chính trong doanh nghiệp.', 45),
(14, 14, 'Khái niệm về marketing, nghiên cứu thị trường và chiến lược marketing.', 50),
(15, 15, 'Nghiên cứu về tài chính ngân hàng và các công cụ tài chính trong thị trường.', 45),
(16, 16, 'Kinh tế lượng và ứng dụng của nó trong phân tích dữ liệu kinh tế.', 55),
(17, 17, 'Các lý thuyết cơ bản trong kinh tế học và các mô hình kinh tế ứng dụng.', 50),
(18, 18, 'Môn học giảng dạy về lý thuyết tài chính và các công cụ đầu tư.', 50),
(19, 19, 'Các quy định pháp lý trong kinh tế và sự ảnh hưởng của chúng đến doanh nghiệp.', 40),
(20, 20, 'Giới thiệu các khái niệm cơ bản trong y học và chẩn đoán bệnh.', 50),
(21, 21, 'Các vấn đề cơ bản trong sinh lý học con người và ứng dụng trong y học.', 45),
(22, 22, 'Môn học về dược học, các phương pháp và quy trình sử dụng thuốc.', 50),
(23, 23, 'Nghiên cứu về chẩn đoán và điều trị bệnh tật trong y học.', 55),
(24, 24, 'Điều dưỡng cơ bản và các kỹ năng chăm sóc bệnh nhân.', 50),
(25, 25, 'Vi sinh học và các bệnh truyền nhiễm, ứng dụng trong ngành y tế.', 55),
(26, 26, 'Nghiên cứu về các bệnh lý răng hàm mặt và phương pháp điều trị.', 50),
(27, 27, 'Sức khỏe cộng đồng, các biện pháp phòng ngừa dịch bệnh và cải thiện sức khỏe.', 45),
(28, 28, 'Giải phẫu học cơ thể người và các kỹ thuật phẫu thuật cơ bản.', 50),
(29, 29, 'Cấu trúc và kết cấu cầu đường trong ngành xây dựng và giao thông.', 55),
(30, 30, 'Cơ sở xây dựng dân dụng và các công trình xây dựng trong đô thị.', 50),
(31, 31, 'Kết cấu công trình xây dựng, vật liệu và quy trình thi công.', 60),
(32, 32, 'Các kỹ thuật trong xây dựng công trình và các vấn đề về quy hoạch xây dựng.', 55),
(33, 33, 'Vật liệu xây dựng, tính chất và ứng dụng trong các công trình xây dựng.', 50),
(34, 34, 'Các phương pháp đo lường và thiết kế trong ngành xây dựng.', 45),
(35, 35, 'Quản lý dự án xây dựng, các công cụ và phương pháp quản lý công trình.', 50),
(36, 36, 'Nghiên cứu về điện tử viễn thông và ứng dụng trong truyền thông mạng.', 50),
(37, 37, 'Kỹ thuật điện tử cơ bản và các phương pháp thiết kế mạch điện.', 45),
(38, 38, 'Mạng viễn thông, các phương thức truyền tải và bảo mật thông tin.', 60),
(39, 39, 'Xử lý tín hiệu trong viễn thông, các ứng dụng và công nghệ mới.', 55),
(40, 40, 'Các công nghệ trong điện tử công nghiệp và ứng dụng trong sản xuất.', 50),
(65, 25, 'Vi sinh học và các bệnh truyền nhiễm, ứng dụng trong ngành y tế.', 55),
(66, 26, 'Nghiên cứu về các bệnh lý răng hàm mặt và phương pháp điều trị.', 50),
(70, 30, 'Cơ sở xây dựng dân dụng và các công trình xây dựng trong đô thị.', 50),
(71, 31, 'Kết cấu công trình xây dựng, vật liệu và quy trình thi công.', 60);

-- --------------------------------------------------------

--
-- Table structure for table `chuyennganh`
--

CREATE TABLE `chuyennganh` (
  `id_chuyennganh` int(11) NOT NULL,
  `ten_chuyennganh` varchar(255) NOT NULL,
  `id_khoa` int(11) NOT NULL,
  `ky_hoc` int(11) DEFAULT NULL
) ENGINE=InnoDB DEFAULT CHARSET=utf8mb4 COLLATE=utf8mb4_unicode_ci;

--
-- Dumping data for table `chuyennganh`
--

INSERT INTO `chuyennganh` (`id_chuyennganh`, `ten_chuyennganh`, `id_khoa`, `ky_hoc`) VALUES
(1, 'Kỹ Thuật Phần Mềm', 1, 2),
(2, 'Mạng Máy Tính', 1, 4),
(3, 'Trí Tuệ Nhân Tạo', 1, 3),
(4, 'An Toàn Thông Tin', 1, 3),
(5, 'Hệ Thống Thông Tin', 1, 2),
(6, 'Khoa Học Dữ Liệu', 1, 2),
(7, 'Quản Trị Kinh Doanh', 2, 3),
(8, 'Tài Chính Ngân Hàng', 2, 2),
(9, 'Kinh Tế Học', 2, 1),
(10, 'Marketing', 2, 3),
(11, 'Kế Toán', 2, 4),
(12, 'Dược Học', 3, 3),
(13, 'Y Khoa', 3, 3),
(14, 'Răng Hàm Mặt', 3, 1),
(15, 'Xây Dựng Dân Dụng', 4, 2),
(16, 'Kỹ Thuật Cầu Đường', 4, 3),
(17, 'Điện Tử Viễn Thông', 5, 3),
(18, 'Kỹ Thuật Điện Tử', 5, 1);

-- --------------------------------------------------------

--
-- Table structure for table `dangky`
--

CREATE TABLE `dangky` (
  `id_dangky` int(11) NOT NULL,
  `id_nguoidung` int(11) DEFAULT NULL,
  `id_monhoc` int(11) DEFAULT NULL,
  `id_chuyennganh` int(11) DEFAULT NULL,
  `ngay_dangky` timestamp NOT NULL DEFAULT current_timestamp(),
  `trang_thai_dangky` enum('Chưa thanh toán','Đã thanh toán','Đang xử lý','Hủy') DEFAULT 'Đang xử lý'
) ENGINE=InnoDB DEFAULT CHARSET=utf8mb4 COLLATE=utf8mb4_unicode_ci;

-- --------------------------------------------------------

--
-- Table structure for table `diem`
--

CREATE TABLE `diem` (
  `id_diem` int(11) NOT NULL,
  `id_sinhvien` int(11) NOT NULL,
  `id_monhoc` int(11) NOT NULL,
  `loai_diem` enum('Giữa kỳ','Cuối kỳ','Thực hành','Khác') NOT NULL,
  `diem_so` decimal(5,2) DEFAULT NULL CHECK (`diem_so` >= 0 and `diem_so` <= 10)
) ENGINE=InnoDB DEFAULT CHARSET=utf8mb4 COLLATE=utf8mb4_unicode_ci;

-- --------------------------------------------------------

--
-- Table structure for table `diemdanh`
--

CREATE TABLE `diemdanh` (
  `id_diemdanh` int(11) NOT NULL,
  `id_sinhvien` int(11) NOT NULL,
  `id_thoikhoabieu` int(11) NOT NULL,
  `trang_thai` enum('Có mặt','Vắng mặt','Muộn') DEFAULT 'Vắng mặt'
) ENGINE=InnoDB DEFAULT CHARSET=utf8mb4 COLLATE=utf8mb4_unicode_ci;

-- --------------------------------------------------------

--
-- Table structure for table `failed_jobs`
--

CREATE TABLE `failed_jobs` (
  `id` bigint(20) UNSIGNED NOT NULL,
  `uuid` varchar(255) NOT NULL,
  `connection` text NOT NULL,
  `queue` text NOT NULL,
  `payload` longtext NOT NULL,
  `exception` longtext NOT NULL,
  `failed_at` timestamp NOT NULL DEFAULT current_timestamp()
) ENGINE=InnoDB DEFAULT CHARSET=utf8mb4 COLLATE=utf8mb4_unicode_ci;

-- --------------------------------------------------------

--
-- Table structure for table `file_nguoidung`
--

CREATE TABLE `file_nguoidung` (
  `id_file` int(11) NOT NULL,
  `id_nguoidung` int(11) NOT NULL,
  `ten_file` varchar(255) NOT NULL,
  `loai_file` varchar(50) DEFAULT NULL,
  `duong_dan` varchar(500) NOT NULL,
  `ngay_upload` datetime DEFAULT current_timestamp()
) ENGINE=InnoDB DEFAULT CHARSET=utf8mb4 COLLATE=utf8mb4_unicode_ci;

--
-- Dumping data for table `file_nguoidung`
--

INSERT INTO `file_nguoidung` (`id_file`, `id_nguoidung`, `ten_file`, `loai_file`, `duong_dan`, `ngay_upload`) VALUES
(1, 1, 'admin_avatar.png', 'avatar', 'storage/avatars/admin_avatar.png', '2023-12-21 10:30:56');

-- --------------------------------------------------------

--
-- Table structure for table `file_upload`
--

CREATE TABLE `file_upload` (
  `id_file` int(11) NOT NULL,
  `ten_file` varchar(255) NOT NULL,
  `loai_file` varchar(50) DEFAULT NULL,
  `duong_dan` varchar(500) NOT NULL,
  `ngay_upload` datetime DEFAULT current_timestamp(),
  `id_chuyennganh` int(11) DEFAULT NULL,
  `id_khoa` int(11) DEFAULT NULL,
  `id_monhoc` int(11) DEFAULT NULL,
  `id_lop` int(11) DEFAULT NULL,
  `thoi_luong` int(11) DEFAULT 0
) ENGINE=InnoDB DEFAULT CHARSET=utf8mb4 COLLATE=utf8mb4_unicode_ci;

--
-- Dumping data for table `file_upload`
--

INSERT INTO `file_upload` (`id_file`, `ten_file`, `loai_file`, `duong_dan`, `ngay_upload`, `id_chuyennganh`, `id_khoa`, `id_monhoc`, `id_lop`, `thoi_luong`) VALUES
(6, 'antoanthongtin.jpg', 'image', 'hoa/antoanthongtin.jpg', '2024-12-31 10:44:37', 4, NULL, NULL, NULL, 0),
(7, 'quantrikinhdoanh.jpg', 'image', 'hoa/quantrikinhdoanh.jpg', '2024-12-31 10:44:37', 7, NULL, NULL, NULL, 0),
(8, 'kinhtehoc.jpg', 'image', 'hoa/kinhtehoc.jpg', '2024-12-31 10:44:37', 9, NULL, NULL, NULL, 0),
(9, 'taichinhnganhanginhnganhang.jpg', 'image', 'hoa/taichinhnganhanginhnganhang.jpg', '2024-12-31 10:44:37', 8, NULL, NULL, NULL, 0),
(10, 'kythuatcauduong.jpg', 'image', 'hoa/kythuatcauduong.jpg', '2024-12-31 10:44:37', 16, NULL, NULL, NULL, 0),
(11, 'kythuatphanmem.jpg', 'image', 'hoa/kythuatphanmem.jpg', '2024-12-31 10:44:37', 1, NULL, NULL, NULL, 0),
(12, 'kythuatdientu.jpg', 'image', 'hoa/kythuatdientu.jpg', '2024-12-31 10:44:37', 18, NULL, NULL, NULL, 0),
(13, 'ranghammat.jpg', 'image', 'hoa/ranghammat.jpg', '2024-12-31 10:44:37', 14, NULL, NULL, NULL, 0),
(14, 'maketting.jpg', 'image', 'hoa/maketting.jpg', '2024-12-31 10:44:37', 10, NULL, NULL, NULL, 0),
(15, 'c++.jpg', 'image', 'hoa/c++.jpg', '2024-12-31 10:51:10', NULL, NULL, 1, NULL, 0),
(16, 'chuandoanbenh.jpg', 'image', 'hoa/chuandoanbenh.jpg', '2024-12-31 10:51:10', NULL, NULL, 24, NULL, 0),
(17, 'cấu trúc dữ liệu.jpg', 'image', 'hoa/cấu trúc dữ liệu.jpg', '2024-12-31 10:51:10', NULL, NULL, 2, NULL, 0),
(18, 'daututaichinh.jpg', 'image', 'hoa/daututaichinh.jpg', '2024-12-31 10:51:10', NULL, NULL, 19, NULL, 0),
(19, 'dientucongnghiep.jpg', 'image', 'hoa/dientucongnghiep.jpg', '2024-12-31 10:51:10', NULL, NULL, 42, NULL, 0),
(20, 'dientuvienthong.jpg', 'image', 'hoa/dientuvienthong.jpg', '2024-12-31 10:51:10', NULL, NULL, 37, NULL, 0),
(21, 'dieuduong.jpg', 'image', 'hoa/dieuduong.jpg', '2024-12-31 10:51:10', NULL, NULL, 25, NULL, 0),
(22, 'doluongthietke.jpg', 'image', 'hoa/doluongthietke.jpg', '2024-12-31 10:51:10', NULL, NULL, 35, NULL, 0),
(23, 'duochoccoso.jpg', 'image', 'hoa/duochoccoso.jpg', '2024-12-31 10:51:10', NULL, NULL, 23, NULL, 0),
(24, 'giaiphauhoc.jpg', 'image', 'hoa/giaiphauhoc.jpg', '2024-12-31 10:51:10', NULL, NULL, 29, NULL, 0),
(25, 'giaithuat.jpg', 'image', 'hoa/giaithuat.jpg', '2024-12-31 10:51:10', NULL, NULL, 7, NULL, 0),
(26, 'hệ điều hành.jpg', 'image', 'hoa/hệ điều hành.jpg', '2024-12-31 10:51:10', NULL, NULL, 3, NULL, 0),
(27, 'ketoanquantri.jpg', 'image', 'hoa/ketoanquantri.jpg', '2024-12-31 10:51:10', NULL, NULL, 13, NULL, 0),
(28, 'kinhteluong.jpg', 'image', 'hoa/kinhteluong.jpg', '2024-12-31 10:51:10', NULL, NULL, 16, NULL, 0),
(29, 'kinhtevimo.jpg', 'image', 'hoa/kinhtevimo.jpg', '2024-12-31 10:51:10', NULL, NULL, 11, NULL, 0),
(30, 'kythuatxaydung.jpg', 'image', 'hoa/kythuatxaydung.jpg', '2024-12-31 10:51:10', NULL, NULL, 33, NULL, 0),
(31, 'laptrinhjava.jpg', 'image', 'hoa/laptrinhjava.jpg', '2024-12-31 10:51:10', NULL, NULL, 9, NULL, 0),
(32, 'lythuyettaichinh.jpg', 'image', 'hoa/lythuyettaichinh.jpg', '2024-12-31 10:51:10', NULL, NULL, 18, NULL, 0),
(33, 'mangmaytinh.jpg', 'image', 'hoa/mangmaytinh.jpg', '2024-12-31 10:51:10', NULL, NULL, 4, NULL, 0),
(34, 'mangvaantoanthongtin.jpg', 'image', 'hoa/mangvaantoanthongtin.jpg', '2024-12-31 10:51:10', NULL, NULL, 40, NULL, 0),
(35, 'mangvienthong.jpg', 'image', 'hoa/mangvienthong.jpg', '2024-12-31 10:51:10', NULL, NULL, 10, NULL, 0),
(36, 'phapluatkinhte.jpg', 'image', 'hoa/phapluatkinhte.jpg', '2024-12-31 10:51:10', NULL, NULL, 20, NULL, 0),
(37, 'quanlyduan.jpg', 'image', 'hoa/quanlyduan.jpg', '2024-12-31 10:51:10', NULL, NULL, 36, NULL, 0),
(38, 'sinhlyhoc.jpg', 'image', 'hoa/sinhlyhoc.jpg', '2024-12-31 10:51:10', NULL, NULL, 22, NULL, 0),
(39, 'suckhoecongdong.jpg', 'image', 'hoa/suckhoecongdong.jpg', '2024-12-31 10:51:10', NULL, NULL, 28, NULL, 0),
(40, 'vatlieuxaydung.jpg', 'image', 'hoa/vatlieuxaydung.jpg', '2024-12-31 10:51:10', NULL, NULL, 34, NULL, 0),
(41, 'vienthongvamang.jpg', 'image', 'hoa/vienthongvamang.jpg', '2024-12-31 10:51:10', NULL, NULL, 39, NULL, 0),
(42, 'visinhhoc.jpg', 'image', 'hoa/visinhhoc.jpg', '2024-12-31 10:51:10', NULL, NULL, 26, NULL, 0),
(43, 'xaydungdandung.jpg', 'image', 'hoa/xaydungdandung.jpg', '2024-12-31 10:51:10', NULL, NULL, 31, NULL, 0),
(44, 'xulytinhieu.jpg', 'image', 'hoa/xulytinhieu.jpg', '2024-12-31 10:51:10', NULL, NULL, 41, NULL, 0),
(45, 'yhoccoso.jpg', 'image', 'hoa/yhoccoso.jpg', '2024-12-31 10:51:10', NULL, NULL, 21, NULL, 0),
(46, 'khoahocdulieu.jpg', 'image', 'hoa/khoahocdulieu.jpg', '2024-12-31 10:54:53', NULL, NULL, 8, NULL, 0),
(47, 'khoacongnghethongtin.jpg', 'image', 'hoa/khoacongnghethongtin.jpg', '2024-12-31 10:56:09', NULL, 1, NULL, NULL, 0),
(48, 'khoadientuvienthong.jpg', 'image', 'hoa/khoadientuvienthong.jpg', '2024-12-31 10:56:09', NULL, 5, NULL, NULL, 0),
(49, 'khoakinhte.jpg', 'image', 'hoa/khoakinhte.jpg', '2024-12-31 10:56:09', NULL, 2, NULL, NULL, 0),
(50, 'khoaxaydung.jpg', 'image', 'hoa/khoaxaydung.jpg', '2024-12-31 10:56:09', NULL, 4, NULL, NULL, 0),
(51, 'khoayduoc.jpg', 'image', 'hoa/khoayduoc.jpg', '2024-12-31 10:56:09', NULL, 3, NULL, NULL, 0),
(52, 'lap-trinh-c-bai-1.mp4', 'video', '/uploads/videos/', '2024-01-01 10:00:00', NULL, NULL, 1, NULL, 3600),
(53, 'lap-trinh-c-bai-2.mp4', 'video', '/uploads/videos/', '2024-01-01 10:30:00', NULL, NULL, 1, NULL, 3600),
(54, 'cau-truc-du-lieu-bai-1.mp4', 'video', '/uploads/videos/', '2024-01-01 11:00:00', NULL, NULL, 2, NULL, 3600),
(55, 'cau-truc-du-lieu-bai-2.mp4', 'video', '/uploads/videos/', '2024-01-01 11:30:00', NULL, NULL, 2, NULL, 3600),
(56, 'he-dieu-hanh-bai-1.mp4', 'video', '/uploads/videos/', '2024-01-01 12:00:00', NULL, NULL, 3, NULL, 3600),
(57, 'mang-may-tinh-bai-1.mp4', 'video', '/uploads/videos/', '2024-01-01 12:30:00', NULL, NULL, 4, NULL, 3600),
(58, 'ky-thuat-phan-mem-bai-1.mp4', 'video', '/uploads/videos/', '2024-01-01 13:00:00', NULL, NULL, 5, NULL, 3600),
(59, 'an-toan-thong-tin-bai-1.mp4', 'video', '/uploads/videos/', '2024-01-01 13:30:00', NULL, NULL, 6, NULL, 3600),
(60, 'giai-thuat-bai-1.mp4', 'video', '/uploads/videos/', '2024-01-01 14:00:00', NULL, NULL, 7, NULL, 3600),
(61, 'khoa-hoc-du-lieu-bai-1.mp4', 'video', '/uploads/videos/', '2024-01-01 14:30:00', NULL, NULL, 8, NULL, 3600),
(62, 'lap-trinh-c-thumb.jpg', 'image', '/uploads/images/', '2024-01-01 09:00:00', NULL, NULL, 1, NULL, 0),
(63, 'ctdl-thumb.jpg', 'image', '/uploads/images/', '2024-01-01 09:01:00', NULL, NULL, 2, NULL, 0),
(64, 'hdh-thumb.jpg', 'image', '/uploads/images/', '2024-01-01 09:02:00', NULL, NULL, 3, NULL, 0),
(65, 'mmt-thumb.jpg', 'image', '/uploads/images/', '2024-01-01 09:03:00', NULL, NULL, 4, NULL, 0),
(66, 'ktpm-thumb.jpg', 'image', '/uploads/images/', '2024-01-01 09:04:00', NULL, NULL, 5, NULL, 0),
(67, 'attt-thumb.jpg', 'image', '/uploads/images/', '2024-01-01 09:05:00', NULL, NULL, 6, NULL, 0),
(68, 'giai-thuat-thumb.jpg', 'image', '/uploads/images/', '2024-01-01 09:06:00', NULL, NULL, 7, NULL, 0),
(69, 'khdl-thumb.jpg', 'image', '/uploads/images/', '2024-01-01 09:07:00', NULL, NULL, 8, NULL, 0),
(70, 'kinh-te-vi-mo-bai-1.mp4', 'video', '/uploads/videos/', '2024-01-01 10:00:00', NULL, NULL, 11, NULL, 3600),
(71, 'quan-tri-kinh-doanh-bai-1.mp4', 'video', '/uploads/videos/', '2024-01-01 10:30:00', NULL, NULL, 12, NULL, 3600),
(72, 'ke-toan-quan-tri-bai-1.mp4', 'video', '/uploads/videos/', '2024-01-01 11:00:00', NULL, NULL, 13, NULL, 3600),
(73, 'marketing-bai-1.mp4', 'video', '/uploads/videos/', '2024-01-01 11:30:00', NULL, NULL, 14, NULL, 3600),
(74, 'tai-chinh-ngan-hang-bai-1.mp4', 'video', '/uploads/videos/', '2024-01-01 12:00:00', NULL, NULL, 15, NULL, 3600),
(75, 'kinh-te-luong-bai-1.mp4', 'video', '/uploads/videos/', '2024-01-01 12:30:00', NULL, NULL, 16, NULL, 3600),
(76, 'kinh-te-hoc-bai-1.mp4', 'video', '/uploads/videos/', '2024-01-01 13:00:00', NULL, NULL, 17, NULL, 3600),
(77, 'ly-thuyet-tai-chinh-bai-1.mp4', 'video', '/uploads/videos/', '2024-01-01 13:30:00', NULL, NULL, 18, NULL, 3600),
(78, 'dau-tu-tai-chinh-bai-1.mp4', 'video', '/uploads/videos/', '2024-01-01 14:00:00', NULL, NULL, 19, NULL, 3600),
(79, 'phap-luat-kinh-te-bai-1.mp4', 'video', '/uploads/videos/', '2024-01-01 14:30:00', NULL, NULL, 20, NULL, 3600),
(80, 'kinh-te-vi-mo-thumb.jpg', 'image', '/uploads/images/', '2024-01-01 09:00:00', NULL, NULL, 11, NULL, 0),
(81, 'qtkinhdoanh-thumb.jpg', 'image', '/uploads/images/', '2024-01-01 09:01:00', NULL, NULL, 12, NULL, 0),
(82, 'ketoan-thumb.jpg', 'image', '/uploads/images/', '2024-01-01 09:02:00', NULL, NULL, 13, NULL, 0),
(83, 'marketing-thumb.jpg', 'image', '/uploads/images/', '2024-01-01 09:03:00', NULL, NULL, 14, NULL, 0),
(84, 'tcnganhang-thumb.jpg', 'image', '/uploads/images/', '2024-01-01 09:04:00', NULL, NULL, 15, NULL, 0),
(85, 'kinhteluong-thumb.jpg', 'image', '/uploads/images/', '2024-01-01 09:05:00', NULL, NULL, 16, NULL, 0),
(86, 'kinhtehoc-thumb.jpg', 'image', '/uploads/images/', '2024-01-01 09:06:00', NULL, NULL, 17, NULL, 0),
(87, 'lttaichinh-thumb.jpg', 'image', '/uploads/images/', '2024-01-01 09:07:00', NULL, NULL, 18, NULL, 0),
(88, 'daututc-thumb.jpg', 'image', '/uploads/images/', '2024-01-01 09:08:00', NULL, NULL, 19, NULL, 0),
(89, 'phaplykt-thumb.jpg', 'image', '/uploads/images/', '2024-01-01 09:09:00', NULL, NULL, 20, NULL, 0);

-- --------------------------------------------------------

--
-- Table structure for table `giaovien`
--

CREATE TABLE `giaovien` (
  `id_giaovien` int(11) NOT NULL,
  `id_nguoidung` int(11) NOT NULL,
  `id_khoa` int(11) NOT NULL,
  `ten_giaovien` varchar(255) NOT NULL
) ENGINE=InnoDB DEFAULT CHARSET=utf8mb4 COLLATE=utf8mb4_unicode_ci;

--
-- Dumping data for table `giaovien`
--

INSERT INTO `giaovien` (`id_giaovien`, `id_nguoidung`, `id_khoa`, `ten_giaovien`) VALUES
(1, 12, 2, 'Tống Văn Tình'),
(2, 13, 2, 'Giáo viên 2'),
(3, 14, 2, 'Giáo viên 3'),
(4, 15, 1, 'Mai Siêu Phong'),
(5, 16, 3, 'Đặng Văn Tùng Dương'),
(6, 17, 2, 'Giáo viên 6'),
(7, 18, 4, 'Giáo viên 7'),
(8, 19, 3, 'Giáo viên 8'),
(9, 20, 4, 'Giáo viên 9'),
(10, 21, 4, 'Giáo viên 10'),
(11, 22, 1, 'Đoàn Chính Thuần'),
(12, 23, 5, 'Hoàng Lão Tà'),
(13, 24, 2, 'Giáo viên 13'),
(14, 25, 1, 'Chu Bá Thông'),
(15, 26, 5, 'Giáo viên 15'),
(16, 27, 4, 'Giáo viên 16'),
(17, 28, 3, 'Giáo viên 17'),
(18, 29, 5, 'Giáo viên 18'),
(19, 30, 3, 'Giáo viên 19'),
(20, 31, 1, 'Hoàng Dung'),
(21, 32, 2, 'Giáo viên 21'),
(22, 33, 4, 'Giáo viên 22'),
(23, 34, 3, 'Giáo viên 23'),
(24, 35, 3, 'Giáo viên 24'),
(25, 36, 2, 'Giáo viên 25'),
(26, 37, 2, 'Giáo viên 26'),
(27, 38, 5, 'Giáo viên 27'),
(28, 39, 1, 'Giáo viên 28'),
(29, 40, 4, 'Giáo viên 29'),
(30, 41, 1, 'Giáo viên 30'),
(31, 42, 2, 'Giáo viên 31'),
(32, 43, 2, 'Giáo viên 32'),
(33, 44, 5, 'Giáo viên 33'),
(34, 45, 1, 'Giáo viên 34'),
(35, 46, 2, 'Giáo viên 35'),
(36, 47, 1, 'Giáo viên 36'),
(37, 48, 3, 'Giáo viên 37'),
(38, 49, 2, 'Giáo viên 38'),
(39, 50, 4, 'Giáo viên 39'),
(40, 51, 1, 'Giáo viên 40'),
(41, 52, 2, 'Giáo viên 41'),
(42, 53, 3, 'Giáo viên 42'),
(43, 54, 1, 'Giáo viên 43'),
(44, 55, 5, 'Giáo viên 44'),
(45, 56, 1, 'Giáo viên 45'),
(46, 57, 5, 'Giáo viên 46'),
(47, 58, 3, 'Giáo viên 47'),
(48, 59, 4, 'Giáo viên 48'),
(49, 60, 4, 'Giáo viên 49'),
(50, 114, 1, 'abcd'),
(51, 115, 1, 'abcdefgh');

-- --------------------------------------------------------

--
-- Table structure for table `giaovien_monhoc`
--

CREATE TABLE `giaovien_monhoc` (
  `id` int(11) NOT NULL,
  `id_giaovien` int(11) NOT NULL,
  `id_monhoc` int(11) NOT NULL,
  `created_at` timestamp NULL DEFAULT NULL,
  `updated_at` timestamp NULL DEFAULT NULL
) ENGINE=InnoDB DEFAULT CHARSET=utf8mb4 COLLATE=utf8mb4_unicode_ci;

-- --------------------------------------------------------

--
-- Table structure for table `hieutruong`
--

CREATE TABLE `hieutruong` (
  `id_hieutruong` int(11) NOT NULL,
  `id_nguoidung` int(11) NOT NULL,
  `ten_hieutruong` varchar(255) NOT NULL
) ENGINE=InnoDB DEFAULT CHARSET=utf8mb4 COLLATE=utf8mb4_unicode_ci;

-- --------------------------------------------------------

--
-- Table structure for table `hocphi`
--

CREATE TABLE `hocphi` (
  `id_hocphi` int(11) NOT NULL,
  `id_sinhvien` int(11) NOT NULL,
  `so_tien` decimal(10,2) NOT NULL,
  `trang_thai` enum('Chưa thanh toán','Đang xử lý','Đã thanh toán') DEFAULT 'Chưa thanh toán'
) ENGINE=InnoDB DEFAULT CHARSET=utf8mb4 COLLATE=utf8mb4_unicode_ci;

--
-- Dumping data for table `hocphi`
--

INSERT INTO `hocphi` (`id_hocphi`, `id_sinhvien`, `so_tien`, `trang_thai`) VALUES
(190, 62, 80400000.00, 'Chưa thanh toán'),
(191, 63, 80400000.00, 'Đã thanh toán'),
(192, 64, 80400000.00, 'Đang xử lý'),
(193, 65, 80400000.00, 'Chưa thanh toán'),
(194, 66, 80400000.00, 'Đã thanh toán'),
(195, 67, 80400000.00, 'Đang xử lý'),
(196, 68, 80400000.00, 'Chưa thanh toán'),
(197, 69, 80400000.00, 'Đã thanh toán'),
(198, 70, 80400000.00, 'Đang xử lý'),
(199, 71, 80400000.00, 'Chưa thanh toán'),
(200, 72, 80400000.00, 'Đã thanh toán'),
(201, 73, 80400000.00, 'Đang xử lý'),
(202, 74, 80400000.00, 'Chưa thanh toán'),
(203, 75, 80400000.00, 'Đã thanh toán'),
(204, 76, 80400000.00, 'Đang xử lý'),
(205, 77, 80400000.00, 'Chưa thanh toán'),
(206, 78, 80400000.00, 'Đã thanh toán'),
(207, 79, 80400000.00, 'Đang xử lý'),
(208, 80, 80400000.00, 'Chưa thanh toán'),
(209, 81, 80400000.00, 'Đã thanh toán'),
(210, 82, 80400000.00, 'Đang xử lý'),
(211, 83, 80400000.00, 'Chưa thanh toán'),
(212, 84, 80400000.00, 'Đã thanh toán'),
(213, 85, 80400000.00, 'Đang xử lý'),
(214, 86, 80400000.00, 'Chưa thanh toán'),
(215, 87, 80400000.00, 'Đã thanh toán'),
(216, 88, 80400000.00, 'Đang xử lý'),
(217, 89, 80400000.00, 'Chưa thanh toán'),
(218, 90, 80400000.00, 'Đã thanh toán'),
(219, 91, 80400000.00, 'Đang xử lý'),
(220, 92, 33300000.00, 'Chưa thanh toán'),
(221, 93, 33300000.00, 'Đã thanh toán'),
(222, 94, 33300000.00, 'Đang xử lý'),
(223, 95, 33300000.00, 'Chưa thanh toán'),
(224, 96, 33300000.00, 'Đã thanh toán'),
(225, 97, 33300000.00, 'Đang xử lý'),
(226, 98, 33300000.00, 'Chưa thanh toán'),
(227, 99, 33300000.00, 'Đã thanh toán'),
(228, 100, 33300000.00, 'Đang xử lý'),
(229, 101, 13500000.00, 'Chưa thanh toán'),
(230, 102, 13500000.00, 'Đã thanh toán'),
(231, 103, 13500000.00, 'Đang xử lý'),
(232, 104, 3000000.00, 'Chưa thanh toán'),
(233, 105, 13500000.00, 'Đã thanh toán'),
(234, 106, 13500000.00, 'Đang xử lý'),
(235, 107, 13500000.00, 'Chưa thanh toán'),
(236, 108, 13500000.00, 'Đã thanh toán'),
(237, 109, 13500000.00, 'Đang xử lý'),
(238, 110, 13500000.00, 'Chưa thanh toán'),
(239, 111, 13500000.00, 'Đã thanh toán'),
(244, 115, 9900000.00, 'Chưa thanh toán'),
(245, 115, 9900000.00, 'Chưa thanh toán'),
(248, 115, 9900000.00, 'Đã thanh toán'),
(249, 115, 9900000.00, 'Đã thanh toán'),
(250, 114, 9900000.00, 'Đã thanh toán');

-- --------------------------------------------------------

--
-- Table structure for table `hoctap`
--

CREATE TABLE `hoctap` (
  `id_hoctap` int(11) NOT NULL,
  `id_nguoidung` int(11) NOT NULL,
  `id_monhoc` int(11) NOT NULL,
  `id_noidung` int(11) NOT NULL,
  `trang_thai` enum('Đang học','Đã hoàn thành') DEFAULT 'Đang học',
  `thoi_gian_bat_dau` datetime DEFAULT current_timestamp(),
  `thoi_gian_hoan_thanh` datetime DEFAULT NULL
) ENGINE=InnoDB DEFAULT CHARSET=utf8mb4 COLLATE=utf8mb4_unicode_ci;

-- --------------------------------------------------------

--
-- Table structure for table `jobs`
--

CREATE TABLE `jobs` (
  `id` bigint(20) UNSIGNED NOT NULL,
  `queue` varchar(255) NOT NULL,
  `payload` longtext NOT NULL,
  `attempts` tinyint(3) UNSIGNED NOT NULL,
  `reserved_at` int(10) UNSIGNED DEFAULT NULL,
  `available_at` int(10) UNSIGNED NOT NULL,
  `created_at` int(10) UNSIGNED NOT NULL
) ENGINE=InnoDB DEFAULT CHARSET=utf8mb4 COLLATE=utf8mb4_unicode_ci;

-- --------------------------------------------------------

--
-- Table structure for table `job_batches`
--

CREATE TABLE `job_batches` (
  `id` varchar(255) NOT NULL,
  `name` varchar(255) NOT NULL,
  `total_jobs` int(11) NOT NULL,
  `pending_jobs` int(11) NOT NULL,
  `failed_jobs` int(11) NOT NULL,
  `failed_job_ids` longtext NOT NULL,
  `options` mediumtext DEFAULT NULL,
  `cancelled_at` int(11) DEFAULT NULL,
  `created_at` int(11) NOT NULL,
  `finished_at` int(11) DEFAULT NULL
) ENGINE=InnoDB DEFAULT CHARSET=utf8mb4 COLLATE=utf8mb4_unicode_ci;

-- --------------------------------------------------------

--
-- Table structure for table `ketoan`
--

CREATE TABLE `ketoan` (
  `id_ketoan` int(11) NOT NULL,
  `id_nguoidung` int(11) NOT NULL,
  `ten_ketoan` varchar(255) NOT NULL
) ENGINE=InnoDB DEFAULT CHARSET=utf8mb4 COLLATE=utf8mb4_unicode_ci;

-- --------------------------------------------------------

--
-- Table structure for table `khoa`
--

CREATE TABLE `khoa` (
  `id_khoa` int(11) NOT NULL,
  `ten_khoa` varchar(255) NOT NULL
) ENGINE=InnoDB DEFAULT CHARSET=utf8mb4 COLLATE=utf8mb4_unicode_ci;

--
-- Dumping data for table `khoa`
--

INSERT INTO `khoa` (`id_khoa`, `ten_khoa`) VALUES
(1, 'Khoa Công Nghệ Thông Tin'),
(2, 'Khoa Kinh Tế'),
(3, 'Khoa Y Dược'),
(4, 'Khoa Xây Dựng'),
(5, 'Khoa Điện Tử Viễn Thông');

-- --------------------------------------------------------

--
-- Table structure for table `kyhoc`
--

CREATE TABLE `kyhoc` (
  `id_kyhoc` int(11) NOT NULL,
  `id_chuyennganh` int(11) DEFAULT NULL,
  `so_ky` int(11) DEFAULT NULL
) ENGINE=InnoDB DEFAULT CHARSET=utf8mb4 COLLATE=utf8mb4_general_ci;

--
-- Dumping data for table `kyhoc`
--

INSERT INTO `kyhoc` (`id_kyhoc`, `id_chuyennganh`, `so_ky`) VALUES
(0, 1, 4),
(0, 2, 4),
(0, 3, 4),
(0, 4, 4),
(0, 5, 4),
(0, 6, 4),
(0, 7, 4),
(0, 8, 4),
(0, 9, 4),
(0, 10, 4),
(0, 11, 4),
(0, 12, 4),
(0, 13, 4),
(0, 14, 4),
(0, 15, 4),
(0, 16, 4),
(0, 17, 4),
(0, 18, 4);

-- --------------------------------------------------------

--
-- Table structure for table `login_logs`
--

CREATE TABLE `login_logs` (
  `id` bigint(20) UNSIGNED NOT NULL,
  `user_id` int(11) NOT NULL,
  `login_time` timestamp NULL DEFAULT NULL,
  `logout_time` timestamp NULL DEFAULT NULL,
  `ip_address` varchar(255) NOT NULL,
  `created_at` timestamp NULL DEFAULT NULL,
  `updated_at` timestamp NULL DEFAULT NULL
) ENGINE=InnoDB DEFAULT CHARSET=utf8mb4 COLLATE=utf8mb4_unicode_ci;

--
-- Dumping data for table `login_logs`
--

INSERT INTO `login_logs` (`id`, `user_id`, `login_time`, `logout_time`, `ip_address`, `created_at`, `updated_at`) VALUES
(1, 1, '2024-12-09 18:50:14', NULL, '127.0.0.1', NULL, NULL),
(2, 1, '2024-12-09 18:50:20', NULL, '127.0.0.1', NULL, NULL),
(3, 1, '2024-12-09 18:51:04', NULL, '127.0.0.1', NULL, NULL),
(4, 1, '2024-12-09 18:51:17', NULL, '127.0.0.1', NULL, NULL),
(5, 1, '2024-12-09 18:51:21', NULL, '127.0.0.1', NULL, NULL),
(6, 1, '2024-12-09 18:53:48', NULL, '127.0.0.1', NULL, NULL),
(7, 1, '2024-12-09 18:54:07', NULL, '127.0.0.1', NULL, NULL),
(8, 1, '2024-12-09 18:54:10', NULL, '127.0.0.1', NULL, NULL),
(9, 1, '2024-12-09 18:54:10', NULL, '127.0.0.1', NULL, NULL),
(10, 1, '2024-12-09 18:54:11', NULL, '127.0.0.1', NULL, NULL),
(11, 1, '2024-12-09 18:54:11', NULL, '127.0.0.1', NULL, NULL),
(12, 1, '2024-12-09 18:54:14', NULL, '127.0.0.1', NULL, NULL),
(13, 1, '2024-12-09 18:54:14', NULL, '127.0.0.1', NULL, NULL),
(14, 1, '2024-12-09 18:54:15', NULL, '127.0.0.1', NULL, NULL),
(15, 1, '2024-12-09 18:54:15', NULL, '127.0.0.1', NULL, NULL),
(16, 1, '2024-12-09 18:54:16', NULL, '127.0.0.1', NULL, NULL),
(17, 1, '2024-12-09 18:54:21', NULL, '127.0.0.1', NULL, NULL),
(18, 1, '2024-12-09 18:58:39', NULL, '127.0.0.1', NULL, NULL),
(19, 1, '2024-12-09 18:58:48', NULL, '127.0.0.1', NULL, NULL),
(20, 1, '2024-12-09 19:07:51', NULL, '127.0.0.1', NULL, NULL),
(21, 1, '2024-12-09 19:08:12', NULL, '127.0.0.1', NULL, NULL),
(22, 1, '2024-12-09 19:08:26', NULL, '127.0.0.1', NULL, NULL),
(23, 1, '2024-12-09 19:08:45', NULL, '127.0.0.1', NULL, NULL),
(24, 1, '2024-12-09 19:09:32', NULL, '127.0.0.1', NULL, NULL),
(25, 1, '2024-12-09 19:10:01', NULL, '127.0.0.1', NULL, NULL),
(26, 1, '2024-12-09 19:10:03', NULL, '127.0.0.1', NULL, NULL),
(27, 1, '2024-12-09 19:10:46', NULL, '127.0.0.1', NULL, NULL),
(28, 1, '2024-12-09 19:10:48', NULL, '127.0.0.1', NULL, NULL),
(29, 1, '2024-12-09 19:11:01', NULL, '127.0.0.1', NULL, NULL),
(30, 1, '2024-12-09 19:11:06', NULL, '127.0.0.1', NULL, NULL),
(31, 1, '2024-12-09 19:11:18', NULL, '127.0.0.1', NULL, NULL);

-- --------------------------------------------------------

--
-- Table structure for table `lop`
--

CREATE TABLE `lop` (
  `id_lop` int(11) NOT NULL,
  `ten_lop` varchar(255) NOT NULL,
  `id_phonghoc` int(11) DEFAULT NULL,
  `id_chuyennganh` int(11) DEFAULT NULL,
  `nam_vao_hoc` year(4) NOT NULL
) ENGINE=InnoDB DEFAULT CHARSET=utf8mb4 COLLATE=utf8mb4_unicode_ci;

--
-- Dumping data for table `lop`
--

INSERT INTO `lop` (`id_lop`, `ten_lop`, `id_phonghoc`, `id_chuyennganh`, `nam_vao_hoc`) VALUES
(1, 'KTPM01', 1, 16, '2024'),
(2, 'KTPM02', 2, 14, '2023'),
(3, 'KTPM03', 3, 3, '2024'),
(4, 'MMT01', 11, 10, '2024'),
(5, 'MMT02', 12, 2, '2023'),
(6, 'MMT03', 13, 15, '2023'),
(7, 'TTNT01', 21, 16, '2024'),
(8, 'TTNT02', 22, 16, '2023'),
(9, 'TTNT03', 23, 14, '2023'),
(10, 'TTNT04', 24, 4, '2024'),
(11, 'ATTT01', 31, 12, '2023'),
(12, 'ATTT02', 32, 12, '2024'),
(13, 'ATTT03', 33, 3, '2024'),
(14, 'HTTT01', 41, 18, '2024'),
(15, 'HTTT02', 42, 9, '2023'),
(16, 'HTTT03', 43, 7, '2024'),
(17, 'HTTT04', 44, 9, '2023'),
(18, 'QTKD01', 51, 4, '2023'),
(19, 'QTKD02', 52, 12, '2024'),
(20, 'QTKD03', 53, 12, '2023'),
(21, 'TCNH01', 56, 6, '2024'),
(22, 'TCNH02', 57, 12, '2024'),
(23, 'TCNH03', 58, 3, '2023');

-- --------------------------------------------------------

--
-- Table structure for table `mien_giam_hoc_phi`
--

CREATE TABLE `mien_giam_hoc_phi` (
  `id_mien_giam` int(11) NOT NULL,
  `id_monhoc` int(11) NOT NULL,
  `ty_le_mien_giam` decimal(5,2) NOT NULL,
  `so_tien_mien_giam` decimal(10,2) DEFAULT NULL,
  `ngay_bat_dau` date NOT NULL,
  `ngay_ket_thuc` date DEFAULT NULL,
  `mo_ta` varchar(255) DEFAULT NULL,
  `trang_thai` enum('active','inactive') DEFAULT 'active'
) ENGINE=InnoDB DEFAULT CHARSET=utf8mb4 COLLATE=utf8mb4_unicode_ci;

--
-- Dumping data for table `mien_giam_hoc_phi`
--

INSERT INTO `mien_giam_hoc_phi` (`id_mien_giam`, `id_monhoc`, `ty_le_mien_giam`, `so_tien_mien_giam`, `ngay_bat_dau`, `ngay_ket_thuc`, `mo_ta`, `trang_thai`) VALUES
(3, 6, 5.00, NULL, '2024-12-30', '2024-12-31', 'An Toàn Thông tin', 'active'),
(4, 24, 10.00, NULL, '2024-12-31', '2025-01-31', 'CDB', 'active'),
(5, 19, 1.00, NULL, '2024-12-29', '2025-01-11', 'DTTC', 'active');

-- --------------------------------------------------------

--
-- Table structure for table `migrations`
--

CREATE TABLE `migrations` (
  `id` int(10) UNSIGNED NOT NULL,
  `migration` varchar(255) NOT NULL,
  `batch` int(11) NOT NULL
) ENGINE=InnoDB DEFAULT CHARSET=utf8mb4 COLLATE=utf8mb4_unicode_ci;

--
-- Dumping data for table `migrations`
--

INSERT INTO `migrations` (`id`, `migration`, `batch`) VALUES
(1, '0001_01_01_000000_create_users_table', 1),
(2, '0001_01_01_000001_create_cache_table', 1),
(3, '0001_01_01_000002_create_jobs_table', 1),
(4, '2024_03_15_create_login_logs_table', 1);

-- --------------------------------------------------------

--
-- Table structure for table `monhoc`
--

CREATE TABLE `monhoc` (
  `id_monhoc` int(11) NOT NULL,
  `ten_monhoc` varchar(255) NOT NULL,
  `so_tin_chi` int(11) NOT NULL,
  `id_chuyennganh` int(11) DEFAULT NULL,
  `gia` decimal(10,2) DEFAULT 0.00,
  `ky_hoc` int(11) DEFAULT NULL
) ENGINE=InnoDB DEFAULT CHARSET=utf8mb4 COLLATE=utf8mb4_unicode_ci;

--
-- Dumping data for table `monhoc`
--

INSERT INTO `monhoc` (`id_monhoc`, `ten_monhoc`, `so_tin_chi`, `id_chuyennganh`, `gia`, `ky_hoc`) VALUES
(1, 'Lập Trình C', 3, 1, 900000.00, 1),
(2, 'Cấu Trúc Dữ Liệu', 4, 1, 1200000.00, 4),
(3, 'Hệ Điều Hành', 3, 1, 900000.00, 1),
(4, 'Mạng Máy Tính', 4, 1, 1200000.00, 1),
(5, 'Kỹ Thuật Phần Mềm', 3, 1, 900000.00, 4),
(6, 'An Toàn Thông Tin', 2, 1, 600000.00, 4),
(7, 'Giải Thuật', 4, 1, 1200000.00, 3),
(8, 'Khoa Học Dữ Liệu', 4, 1, 1200000.00, 2),
(9, 'Lập Trình Java', 3, 1, 900000.00, 1),
(10, 'Mạng Viễn Thông', 3, 1, 900000.00, 2),
(11, 'Kinh Tế Vi Mô', 3, 2, 900000.00, 3),
(12, 'Quản Trị Kinh Doanh', 3, 2, 900000.00, 2),
(13, 'Kế Toán Quản Trị', 3, 2, 900000.00, 2),
(14, 'Marketing', 4, 2, 1200000.00, 2),
(15, 'Tài Chính Ngân Hàng', 4, 2, 1200000.00, 4),
(16, 'Kinh Tế Lượng', 3, 2, 900000.00, 3),
(17, 'Kinh Tế Học', 4, 2, 1200000.00, 4),
(18, 'Lý Thuyết Tài Chính', 3, 2, 900000.00, 3),
(19, 'Đầu Tư Tài Chính', 3, 2, 900000.00, 2),
(20, 'Pháp Luật Kinh Tế', 3, 2, 900000.00, 3),
(21, 'Y Học Cơ Sở', 4, 3, 1200000.00, 4),
(22, 'Sinh Lý Học', 3, 3, 900000.00, 1),
(23, 'Dược Học Cơ Sở', 3, 3, 900000.00, 4),
(24, 'Chẩn Đoán Bệnh', 4, 3, 1200000.00, 2),
(25, 'Điều Dưỡng', 3, 3, 900000.00, 3),
(26, 'Vi sinh học Y Dược', 3, 3, 900000.00, 2),
(27, 'Răng Hàm Mặt', 3, 3, 900000.00, 2),
(28, 'Sức Khỏe Cộng Đồng', 4, 3, 1200000.00, 1),
(29, 'Giải Phẫu Học', 3, 3, 900000.00, 4),
(30, 'Kỹ Thuật Cầu Đường', 3, 4, 900000.00, 3),
(31, 'Xây Dựng Dân Dụng', 3, 4, 900000.00, 4),
(32, 'Kết Cấu Công Trình', 4, 4, 1200000.00, 4),
(33, 'Kỹ Thuật Xây Dựng', 4, 4, 1200000.00, 1),
(34, 'Vật Liệu Xây Dựng', 3, 4, 900000.00, 4),
(35, 'Đo Lường và Thiết Kế', 4, 4, 1200000.00, 2),
(36, 'Quản Lý Dự Án', 4, 4, 1200000.00, 3),
(37, 'Điện Tử Viễn Thông', 3, 5, 900000.00, 2),
(38, 'Kỹ Thuật Điện Tử', 3, 5, 900000.00, 3),
(39, 'Viễn Thông và Mạng', 4, 5, 1200000.00, 1),
(40, 'Mạng và An Toàn Thông Tin', 3, 5, 900000.00, 3),
(41, 'Xử Lý Tín Hiệu', 4, 5, 1200000.00, 4),
(42, 'Điện Tử Công Nghiệp', 3, 5, 900000.00, 3),
(43, 'Điện Tử Viễn Thông 2', 3, 5, 900000.00, 4);

-- --------------------------------------------------------

--
-- Table structure for table `nguoidung`
--

CREATE TABLE `nguoidung` (
  `id_nguoidung` int(11) NOT NULL,
  `ten_dang_nhap` varchar(100) NOT NULL,
  `mat_khau` varchar(255) NOT NULL,
  `email` varchar(255) DEFAULT NULL,
  `so_dien_thoai` varchar(15) DEFAULT NULL,
  `kinh_nghiem` text DEFAULT NULL,
  `ky_nang_noi_bat` varchar(500) DEFAULT NULL,
  `thanh_tich` text DEFAULT NULL,
  `phuong_cham_song` varchar(255) DEFAULT NULL,
  `so_thich` varchar(500) DEFAULT NULL,
  `trang_thai` enum('hoạt động','không hoạt động') DEFAULT 'hoạt động'
) ENGINE=InnoDB DEFAULT CHARSET=utf8mb4 COLLATE=utf8mb4_unicode_ci;

--
-- Dumping data for table `nguoidung`
--

INSERT INTO `nguoidung` (`id_nguoidung`, `ten_dang_nhap`, `mat_khau`, `email`, `so_dien_thoai`, `kinh_nghiem`, `ky_nang_noi_bat`, `thanh_tich`, `phuong_cham_song`, `so_thich`, `trang_thai`) VALUES
(1, 'user01', '$2y$12$3m67OSSCeJvZP6PTxm569OLJrSK7i8y5Ik0zso5m7b96AYPhl8StW', 'user01@example.com', '0901234567', NULL, NULL, NULL, NULL, NULL, 'hoạt động'),
(2, 'user02', '$2y$10$L2m5gFqA.QWUV6aZCUFxyeFojg6tU6yTk3ehXQyYSsPtvFQwzMYcW', 'user02@example.com', '0901234568', NULL, NULL, NULL, NULL, NULL, 'hoạt động'),
(3, 'user03', '$2y$10$L2m5gFqA.QWUV6aZCUFxyeFojg6tU6yTk3ehXQyYSsPtvFQwzMYcW', 'user03@example.com', '0901234569', NULL, NULL, NULL, NULL, NULL, 'hoạt động'),
(4, 'user04', '$2y$10$L2m5gFqA.QWUV6aZCUFxyeFojg6tU6yTk3ehXQyYSsPtvFQwzMYcW', 'user04@example.com', '0901234570', NULL, NULL, NULL, NULL, NULL, 'hoạt động'),
(5, 'user05', '$2y$10$L2m5gFqA.QWUV6aZCUFxyeFojg6tU6yTk3ehXQyYSsPtvFQwzMYcW', 'user05@example.com', '0901234571', NULL, NULL, NULL, NULL, NULL, 'hoạt động'),
(6, 'user06', '$2y$10$L2m5gFqA.QWUV6aZCUFxyeFojg6tU6yTk3ehXQyYSsPtvFQwzMYcW', 'user06@example.com', '0901234572', NULL, NULL, NULL, NULL, NULL, 'hoạt động'),
(7, 'user07', '$2y$10$L2m5gFqA.QWUV6aZCUFxyeFojg6tU6yTk3ehXQyYSsPtvFQwzMYcW', 'user07@example.com', '0901234573', NULL, NULL, NULL, NULL, NULL, 'hoạt động'),
(8, 'user08', '$2y$10$L2m5gFqA.QWUV6aZCUFxyeFojg6tU6yTk3ehXQyYSsPtvFQwzMYcW', 'user08@example.com', '0901234574', NULL, NULL, NULL, NULL, NULL, 'hoạt động'),
(9, 'user09', '$2y$10$L2m5gFqA.QWUV6aZCUFxyeFojg6tU6yTk3ehXQyYSsPtvFQwzMYcW', 'user09@example.com', '0901234575', NULL, NULL, NULL, NULL, NULL, 'hoạt động'),
(10, 'user10', '$2y$10$L2m5gFqA.QWUV6aZCUFxyeFojg6tU6yTk3ehXQyYSsPtvFQwzMYcW', 'user10@example.com', '0901234576', NULL, NULL, NULL, NULL, NULL, 'hoạt động'),
(11, 'user11', '$2y$10$L2m5gFqA.QWUV6aZCUFxyeFojg6tU6yTk3ehXQyYSsPtvFQwzMYcW', 'user11@example.com', '0901234577', NULL, NULL, NULL, NULL, NULL, 'hoạt động'),
(12, 'user12', '$2y$10$L2m5gFqA.QWUV6aZCUFxyeFojg6tU6yTk3ehXQyYSsPtvFQwzMYcW', 'user12@example.com', '0901234578', NULL, NULL, NULL, NULL, NULL, 'hoạt động'),
(13, 'user13', '$2y$10$L2m5gFqA.QWUV6aZCUFxyeFojg6tU6yTk3ehXQyYSsPtvFQwzMYcW', 'user13@example.com', '0901234579', NULL, NULL, NULL, NULL, NULL, 'hoạt động'),
(14, 'user14', '$2y$10$L2m5gFqA.QWUV6aZCUFxyeFojg6tU6yTk3ehXQyYSsPtvFQwzMYcW', 'user14@example.com', '0901234580', NULL, NULL, NULL, NULL, NULL, 'hoạt động'),
(15, 'user15', '$2y$10$L2m5gFqA.QWUV6aZCUFxyeFojg6tU6yTk3ehXQyYSsPtvFQwzMYcW', 'user15@example.com', '0901234581', NULL, NULL, NULL, NULL, NULL, 'hoạt động'),
(16, 'user16', '$2y$10$L2m5gFqA.QWUV6aZCUFxyeFojg6tU6yTk3ehXQyYSsPtvFQwzMYcW', 'user16@example.com', '0901234582', NULL, NULL, NULL, NULL, NULL, 'hoạt động'),
(17, 'user17', '$2y$10$L2m5gFqA.QWUV6aZCUFxyeFojg6tU6yTk3ehXQyYSsPtvFQwzMYcW', 'user17@example.com', '0901234583', NULL, NULL, NULL, NULL, NULL, 'hoạt động'),
(18, 'user18', '$2y$10$L2m5gFqA.QWUV6aZCUFxyeFojg6tU6yTk3ehXQyYSsPtvFQwzMYcW', 'user18@example.com', '0901234584', NULL, NULL, NULL, NULL, NULL, 'hoạt động'),
(19, 'user19', '$2y$10$L2m5gFqA.QWUV6aZCUFxyeFojg6tU6yTk3ehXQyYSsPtvFQwzMYcW', 'user19@example.com', '0901234585', NULL, NULL, NULL, NULL, NULL, 'hoạt động'),
(20, 'user20', '$2y$10$L2m5gFqA.QWUV6aZCUFxyeFojg6tU6yTk3ehXQyYSsPtvFQwzMYcW', 'user20@example.com', '0901234586', NULL, NULL, NULL, NULL, NULL, 'hoạt động'),
(21, 'user21', '$2y$10$L2m5gFqA.QWUV6aZCUFxyeFojg6tU6yTk3ehXQyYSsPtvFQwzMYcW', 'user21@example.com', '0901234587', NULL, NULL, NULL, NULL, NULL, 'hoạt động'),
(22, 'user22', '$2y$10$L2m5gFqA.QWUV6aZCUFxyeFojg6tU6yTk3ehXQyYSsPtvFQwzMYcW', 'user22@example.com', '0901234588', NULL, NULL, NULL, NULL, NULL, 'hoạt động'),
(23, 'user23', '$2y$10$L2m5gFqA.QWUV6aZCUFxyeFojg6tU6yTk3ehXQyYSsPtvFQwzMYcW', 'user23@example.com', '0901234589', NULL, NULL, NULL, NULL, NULL, 'hoạt động'),
(24, 'user24', '$2y$10$L2m5gFqA.QWUV6aZCUFxyeFojg6tU6yTk3ehXQyYSsPtvFQwzMYcW', 'user24@example.com', '0901234590', NULL, NULL, NULL, NULL, NULL, 'hoạt động'),
(25, 'user25', '$2y$10$L2m5gFqA.QWUV6aZCUFxyeFojg6tU6yTk3ehXQyYSsPtvFQwzMYcW', 'user25@example.com', '0901234591', NULL, NULL, NULL, NULL, NULL, 'hoạt động'),
(26, 'user26', '$2y$10$L2m5gFqA.QWUV6aZCUFxyeFojg6tU6yTk3ehXQyYSsPtvFQwzMYcW', 'user26@example.com', '0901234592', NULL, NULL, NULL, NULL, NULL, 'hoạt động'),
(27, 'user27', '$2y$10$L2m5gFqA.QWUV6aZCUFxyeFojg6tU6yTk3ehXQyYSsPtvFQwzMYcW', 'user27@example.com', '0901234593', NULL, NULL, NULL, NULL, NULL, 'hoạt động'),
(28, 'user28', '$2y$10$L2m5gFqA.QWUV6aZCUFxyeFojg6tU6yTk3ehXQyYSsPtvFQwzMYcW', 'user28@example.com', '0901234594', NULL, NULL, NULL, NULL, NULL, 'hoạt động'),
(29, 'user29', '$2y$10$L2m5gFqA.QWUV6aZCUFxyeFojg6tU6yTk3ehXQyYSsPtvFQwzMYcW', 'user29@example.com', '0901234595', NULL, NULL, NULL, NULL, NULL, 'hoạt động'),
(30, 'user30', '$2y$10$L2m5gFqA.QWUV6aZCUFxyeFojg6tU6yTk3ehXQyYSsPtvFQwzMYcW', 'user30@example.com', '0901234596', NULL, NULL, NULL, NULL, NULL, 'hoạt động'),
(31, 'user31', '$2y$10$L2m5gFqA.QWUV6aZCUFxyeFojg6tU6yTk3ehXQyYSsPtvFQwzMYcW', 'user31@example.com', '0901234597', NULL, NULL, NULL, NULL, NULL, 'hoạt động'),
(32, 'user32', '$2y$10$L2m5gFqA.QWUV6aZCUFxyeFojg6tU6yTk3ehXQyYSsPtvFQwzMYcW', 'user32@example.com', '0901234598', NULL, NULL, NULL, NULL, NULL, 'hoạt động'),
(33, 'user33', '$2y$10$L2m5gFqA.QWUV6aZCUFxyeFojg6tU6yTk3ehXQyYSsPtvFQwzMYcW', 'user33@example.com', '0901234599', NULL, NULL, NULL, NULL, NULL, 'hoạt động'),
(34, 'user34', '$2y$10$L2m5gFqA.QWUV6aZCUFxyeFojg6tU6yTk3ehXQyYSsPtvFQwzMYcW', 'user34@example.com', '0901234600', NULL, NULL, NULL, NULL, NULL, 'hoạt động'),
(35, 'user35', '$2y$10$L2m5gFqA.QWUV6aZCUFxyeFojg6tU6yTk3ehXQyYSsPtvFQwzMYcW', 'user35@example.com', '0901234601', NULL, NULL, NULL, NULL, NULL, 'hoạt động'),
(36, 'user36', '$2y$10$L2m5gFqA.QWUV6aZCUFxyeFojg6tU6yTk3ehXQyYSsPtvFQwzMYcW', 'user36@example.com', '0901234602', NULL, NULL, NULL, NULL, NULL, 'hoạt động'),
(37, 'user37', '$2y$10$L2m5gFqA.QWUV6aZCUFxyeFojg6tU6yTk3ehXQyYSsPtvFQwzMYcW', 'user37@example.com', '0901234603', NULL, NULL, NULL, NULL, NULL, 'hoạt động'),
(38, 'user38', '$2y$10$L2m5gFqA.QWUV6aZCUFxyeFojg6tU6yTk3ehXQyYSsPtvFQwzMYcW', 'user38@example.com', '0901234604', NULL, NULL, NULL, NULL, NULL, 'hoạt động'),
(39, 'user39', '$2y$10$L2m5gFqA.QWUV6aZCUFxyeFojg6tU6yTk3ehXQyYSsPtvFQwzMYcW', 'user39@example.com', '0901234605', NULL, NULL, NULL, NULL, NULL, 'hoạt động'),
(40, 'user40', '$2y$10$L2m5gFqA.QWUV6aZCUFxyeFojg6tU6yTk3ehXQyYSsPtvFQwzMYcW', 'user40@example.com', '0901234606', NULL, NULL, NULL, NULL, NULL, 'hoạt động'),
(41, 'user41', '$2y$10$L2m5gFqA.QWUV6aZCUFxyeFojg6tU6yTk3ehXQyYSsPtvFQwzMYcW', 'user41@example.com', '0901234607', NULL, NULL, NULL, NULL, NULL, 'hoạt động'),
(42, 'user42', '$2y$10$L2m5gFqA.QWUV6aZCUFxyeFojg6tU6yTk3ehXQyYSsPtvFQwzMYcW', 'user42@example.com', '0901234608', NULL, NULL, NULL, NULL, NULL, 'hoạt động'),
(43, 'user43', '$2y$10$L2m5gFqA.QWUV6aZCUFxyeFojg6tU6yTk3ehXQyYSsPtvFQwzMYcW', 'user43@example.com', '0901234609', NULL, NULL, NULL, NULL, NULL, 'hoạt động'),
(44, 'user44', '$2y$10$L2m5gFqA.QWUV6aZCUFxyeFojg6tU6yTk3ehXQyYSsPtvFQwzMYcW', 'user44@example.com', '0901234610', NULL, NULL, NULL, NULL, NULL, 'hoạt động'),
(45, 'user45', '$2y$10$L2m5gFqA.QWUV6aZCUFxyeFojg6tU6yTk3ehXQyYSsPtvFQwzMYcW', 'user45@example.com', '0901234611', NULL, NULL, NULL, NULL, NULL, 'hoạt động'),
(46, 'user46', '$2y$10$L2m5gFqA.QWUV6aZCUFxyeFojg6tU6yTk3ehXQyYSsPtvFQwzMYcW', 'user46@example.com', '0901234612', NULL, NULL, NULL, NULL, NULL, 'hoạt động'),
(47, 'user47', '$2y$10$L2m5gFqA.QWUV6aZCUFxyeFojg6tU6yTk3ehXQyYSsPtvFQwzMYcW', 'user47@example.com', '0901234613', NULL, NULL, NULL, NULL, NULL, 'hoạt động'),
(48, 'user48', '$2y$10$L2m5gFqA.QWUV6aZCUFxyeFojg6tU6yTk3ehXQyYSsPtvFQwzMYcW', 'user48@example.com', '0901234614', NULL, NULL, NULL, NULL, NULL, 'hoạt động'),
(49, 'user49', '$2y$10$L2m5gFqA.QWUV6aZCUFxyeFojg6tU6yTk3ehXQyYSsPtvFQwzMYcW', 'user49@example.com', '0901234615', NULL, NULL, NULL, NULL, NULL, 'hoạt động'),
(50, 'user50', '$2y$10$L2m5gFqA.QWUV6aZCUFxyeFojg6tU6yTk3ehXQyYSsPtvFQwzMYcW', 'user50@example.com', '0901234616', NULL, NULL, NULL, NULL, NULL, 'hoạt động'),
(51, 'user51', '$2y$10$L2m5gFqA.QWUV6aZCUFxyeFojg6tU6yTk3ehXQyYSsPtvFQwzMYcW', 'user51@example.com', '0901234617', NULL, NULL, NULL, NULL, NULL, 'hoạt động'),
(52, 'user52', '$2y$10$L2m5gFqA.QWUV6aZCUFxyeFojg6tU6yTk3ehXQyYSsPtvFQwzMYcW', 'user52@example.com', '0901234618', NULL, NULL, NULL, NULL, NULL, 'hoạt động'),
(53, 'user53', '$2y$10$L2m5gFqA.QWUV6aZCUFxyeFojg6tU6yTk3ehXQyYSsPtvFQwzMYcW', 'user53@example.com', '0901234619', NULL, NULL, NULL, NULL, NULL, 'hoạt động'),
(54, 'user54', '$2y$10$L2m5gFqA.QWUV6aZCUFxyeFojg6tU6yTk3ehXQyYSsPtvFQwzMYcW', 'user54@example.com', '0901234620', NULL, NULL, NULL, NULL, NULL, 'hoạt động'),
(55, 'user55', '$2y$10$L2m5gFqA.QWUV6aZCUFxyeFojg6tU6yTk3ehXQyYSsPtvFQwzMYcW', 'user55@example.com', '0901234621', NULL, NULL, NULL, NULL, NULL, 'hoạt động'),
(56, 'user56', '$2y$10$L2m5gFqA.QWUV6aZCUFxyeFojg6tU6yTk3ehXQyYSsPtvFQwzMYcW', 'user56@example.com', '0901234622', NULL, NULL, NULL, NULL, NULL, 'hoạt động'),
(57, 'user57', '$2y$10$L2m5gFqA.QWUV6aZCUFxyeFojg6tU6yTk3ehXQyYSsPtvFQwzMYcW', 'user57@example.com', '0901234623', NULL, NULL, NULL, NULL, NULL, 'hoạt động'),
(58, 'user58', '$2y$10$L2m5gFqA.QWUV6aZCUFxyeFojg6tU6yTk3ehXQyYSsPtvFQwzMYcW', 'user58@example.com', '0901234624', NULL, NULL, NULL, NULL, NULL, 'hoạt động'),
(59, 'user59', '$2y$10$L2m5gFqA.QWUV6aZCUFxyeFojg6tU6yTk3ehXQyYSsPtvFQwzMYcW', 'user59@example.com', '0901234625', NULL, NULL, NULL, NULL, NULL, 'hoạt động'),
(60, 'user60', '$2y$10$L2m5gFqA.QWUV6aZCUFxyeFojg6tU6yTk3ehXQyYSsPtvFQwzMYcW', 'user60@example.com', '0901234626', NULL, NULL, NULL, NULL, NULL, 'hoạt động'),
(61, 'user61', '$2y$10$L2m5gFqA.QWUV6aZCUFxyeFojg6tU6yTk3ehXQyYSsPtvFQwzMYcW', 'user61@example.com', '0901234627', NULL, NULL, NULL, NULL, NULL, 'hoạt động'),
(62, 'user62', '$2y$10$L2m5gFqA.QWUV6aZCUFxyeFojg6tU6yTk3ehXQyYSsPtvFQwzMYcW', 'user62@example.com', '0901234628', NULL, NULL, NULL, NULL, NULL, 'hoạt động'),
(63, 'user63', '$2y$10$L2m5gFqA.QWUV6aZCUFxyeFojg6tU6yTk3ehXQyYSsPtvFQwzMYcW', 'user63@example.com', '0901234629', NULL, NULL, NULL, NULL, NULL, 'hoạt động'),
(64, 'user64', '$2y$10$L2m5gFqA.QWUV6aZCUFxyeFojg6tU6yTk3ehXQyYSsPtvFQwzMYcW', 'user64@example.com', '0901234630', NULL, NULL, NULL, NULL, NULL, 'hoạt động'),
(65, 'user65', '$2y$10$L2m5gFqA.QWUV6aZCUFxyeFojg6tU6yTk3ehXQyYSsPtvFQwzMYcW', 'user65@example.com', '0901234631', NULL, NULL, NULL, NULL, NULL, 'hoạt động'),
(66, 'user66', '$2y$10$L2m5gFqA.QWUV6aZCUFxyeFojg6tU6yTk3ehXQyYSsPtvFQwzMYcW', 'user66@example.com', '0901234632', NULL, NULL, NULL, NULL, NULL, 'hoạt động'),
(67, 'user67', '$2y$10$L2m5gFqA.QWUV6aZCUFxyeFojg6tU6yTk3ehXQyYSsPtvFQwzMYcW', 'user67@example.com', '0901234633', NULL, NULL, NULL, NULL, NULL, 'hoạt động'),
(68, 'user68', '$2y$10$L2m5gFqA.QWUV6aZCUFxyeFojg6tU6yTk3ehXQyYSsPtvFQwzMYcW', 'user68@example.com', '0901234634', NULL, NULL, NULL, NULL, NULL, 'hoạt động'),
(69, 'user69', '$2y$10$L2m5gFqA.QWUV6aZCUFxyeFojg6tU6yTk3ehXQyYSsPtvFQwzMYcW', 'user69@example.com', '0901234635', NULL, NULL, NULL, NULL, NULL, 'hoạt động'),
(70, 'user70', '$2y$10$L2m5gFqA.QWUV6aZCUFxyeFojg6tU6yTk3ehXQyYSsPtvFQwzMYcW', 'user70@example.com', '0901234636', NULL, NULL, NULL, NULL, NULL, 'hoạt động'),
(71, 'user71', '$2y$10$L2m5gFqA.QWUV6aZCUFxyeFojg6tU6yTk3ehXQyYSsPtvFQwzMYcW', 'user71@example.com', '0901234637', NULL, NULL, NULL, NULL, NULL, 'hoạt động'),
(72, 'user72', '$2y$10$L2m5gFqA.QWUV6aZCUFxyeFojg6tU6yTk3ehXQyYSsPtvFQwzMYcW', 'user72@example.com', '0901234638', NULL, NULL, NULL, NULL, NULL, 'hoạt động'),
(73, 'user73', '$2y$10$L2m5gFqA.QWUV6aZCUFxyeFojg6tU6yTk3ehXQyYSsPtvFQwzMYcW', 'user73@example.com', '0901234639', NULL, NULL, NULL, NULL, NULL, 'hoạt động'),
(74, 'user74', '$2y$10$L2m5gFqA.QWUV6aZCUFxyeFojg6tU6yTk3ehXQyYSsPtvFQwzMYcW', 'user74@example.com', '0901234640', NULL, NULL, NULL, NULL, NULL, 'hoạt động'),
(75, 'user75', '$2y$10$L2m5gFqA.QWUV6aZCUFxyeFojg6tU6yTk3ehXQyYSsPtvFQwzMYcW', 'user75@example.com', '0901234641', NULL, NULL, NULL, NULL, NULL, 'hoạt động'),
(76, 'user76', '$2y$10$L2m5gFqA.QWUV6aZCUFxyeFojg6tU6yTk3ehXQyYSsPtvFQwzMYcW', 'user76@example.com', '0901234642', NULL, NULL, NULL, NULL, NULL, 'hoạt động'),
(77, 'user77', '$2y$10$L2m5gFqA.QWUV6aZCUFxyeFojg6tU6yTk3ehXQyYSsPtvFQwzMYcW', 'user77@example.com', '0901234643', NULL, NULL, NULL, NULL, NULL, 'hoạt động'),
(78, 'user78', '$2y$10$L2m5gFqA.QWUV6aZCUFxyeFojg6tU6yTk3ehXQyYSsPtvFQwzMYcW', 'user78@example.com', '0901234644', NULL, NULL, NULL, NULL, NULL, 'hoạt động'),
(79, 'user79', '$2y$10$L2m5gFqA.QWUV6aZCUFxyeFojg6tU6yTk3ehXQyYSsPtvFQwzMYcW', 'user79@example.com', '0901234645', NULL, NULL, NULL, NULL, NULL, 'hoạt động'),
(80, 'user80', '$2y$10$L2m5gFqA.QWUV6aZCUFxyeFojg6tU6yTk3ehXQyYSsPtvFQwzMYcW', 'user80@example.com', '0901234646', NULL, NULL, NULL, NULL, NULL, 'hoạt động'),
(81, 'user81', '$2y$10$L2m5gFqA.QWUV6aZCUFxyeFojg6tU6yTk3ehXQyYSsPtvFQwzMYcW', 'user81@example.com', '0901234647', NULL, NULL, NULL, NULL, NULL, 'hoạt động'),
(82, 'user82', '$2y$10$L2m5gFqA.QWUV6aZCUFxyeFojg6tU6yTk3ehXQyYSsPtvFQwzMYcW', 'user82@example.com', '0901234648', NULL, NULL, NULL, NULL, NULL, 'hoạt động'),
(83, 'user83', '$2y$10$L2m5gFqA.QWUV6aZCUFxyeFojg6tU6yTk3ehXQyYSsPtvFQwzMYcW', 'user83@example.com', '0901234649', NULL, NULL, NULL, NULL, NULL, 'hoạt động'),
(84, 'user84', '$2y$10$L2m5gFqA.QWUV6aZCUFxyeFojg6tU6yTk3ehXQyYSsPtvFQwzMYcW', 'user84@example.com', '0901234650', NULL, NULL, NULL, NULL, NULL, 'hoạt động'),
(85, 'user85', '$2y$10$L2m5gFqA.QWUV6aZCUFxyeFojg6tU6yTk3ehXQyYSsPtvFQwzMYcW', 'user85@example.com', '0901234651', NULL, NULL, NULL, NULL, NULL, 'hoạt động'),
(86, 'user86', '$2y$10$L2m5gFqA.QWUV6aZCUFxyeFojg6tU6yTk3ehXQyYSsPtvFQwzMYcW', 'user86@example.com', '0901234652', NULL, NULL, NULL, NULL, NULL, 'hoạt động'),
(87, 'user87', '$2y$10$L2m5gFqA.QWUV6aZCUFxyeFojg6tU6yTk3ehXQyYSsPtvFQwzMYcW', 'user87@example.com', '0901234653', NULL, NULL, NULL, NULL, NULL, 'hoạt động'),
(88, 'user88', '$2y$10$L2m5gFqA.QWUV6aZCUFxyeFojg6tU6yTk3ehXQyYSsPtvFQwzMYcW', 'user88@example.com', '0901234654', NULL, NULL, NULL, NULL, NULL, 'hoạt động'),
(89, 'user89', '$2y$10$L2m5gFqA.QWUV6aZCUFxyeFojg6tU6yTk3ehXQyYSsPtvFQwzMYcW', 'user89@example.com', '0901234655', NULL, NULL, NULL, NULL, NULL, 'hoạt động'),
(90, 'user90', '$2y$10$L2m5gFqA.QWUV6aZCUFxyeFojg6tU6yTk3ehXQyYSsPtvFQwzMYcW', 'user90@example.com', '0901234656', NULL, NULL, NULL, NULL, NULL, 'hoạt động'),
(91, 'user91', '$2y$10$L2m5gFqA.QWUV6aZCUFxyeFojg6tU6yTk3ehXQyYSsPtvFQwzMYcW', 'user91@example.com', '0901234657', NULL, NULL, NULL, NULL, NULL, 'hoạt động'),
(92, 'user92', '$2y$10$L2m5gFqA.QWUV6aZCUFxyeFojg6tU6yTk3ehXQyYSsPtvFQwzMYcW', 'user92@example.com', '0901234658', NULL, NULL, NULL, NULL, NULL, 'hoạt động'),
(93, 'user93', '$2y$10$L2m5gFqA.QWUV6aZCUFxyeFojg6tU6yTk3ehXQyYSsPtvFQwzMYcW', 'user93@example.com', '0901234659', NULL, NULL, NULL, NULL, NULL, 'hoạt động'),
(94, 'user94', '$2y$10$L2m5gFqA.QWUV6aZCUFxyeFojg6tU6yTk3ehXQyYSsPtvFQwzMYcW', 'user94@example.com', '0901234660', NULL, NULL, NULL, NULL, NULL, 'hoạt động'),
(95, 'user95', '$2y$10$L2m5gFqA.QWUV6aZCUFxyeFojg6tU6yTk3ehXQyYSsPtvFQwzMYcW', 'user95@example.com', '0901234661', NULL, NULL, NULL, NULL, NULL, 'hoạt động'),
(96, 'user96', '$2y$10$L2m5gFqA.QWUV6aZCUFxyeFojg6tU6yTk3ehXQyYSsPtvFQwzMYcW', 'user96@example.com', '0901234662', NULL, NULL, NULL, NULL, NULL, 'hoạt động'),
(97, 'user97', '$2y$10$L2m5gFqA.QWUV6aZCUFxyeFojg6tU6yTk3ehXQyYSsPtvFQwzMYcW', 'user97@example.com', '0901234663', NULL, NULL, NULL, NULL, NULL, 'hoạt động'),
(98, 'user98', '$2y$10$L2m5gFqA.QWUV6aZCUFxyeFojg6tU6yTk3ehXQyYSsPtvFQwzMYcW', 'user98@example.com', '0901234664', NULL, NULL, NULL, NULL, NULL, 'hoạt động'),
(99, 'user99', '$2y$10$L2m5gFqA.QWUV6aZCUFxyeFojg6tU6yTk3ehXQyYSsPtvFQwzMYcW', 'user99@example.com', '0901234665', NULL, NULL, NULL, NULL, NULL, 'hoạt động'),
(100, 'user100', '$2y$10$L2m5gFqA.QWUV6aZCUFxyeFojg6tU6yTk3ehXQyYSsPtvFQwzMYcW', 'user100@example.com', '0901234666', NULL, NULL, NULL, NULL, NULL, 'hoạt động'),
(101, 'user150@example.com', '$2y$12$O0y5xl5SWkw8x3B7deTDD.p8R3xEUEsp8HsRHckB8ydwFzwwIETFi', 'user150@example.com', NULL, NULL, NULL, NULL, NULL, NULL, 'hoạt động'),
(102, 'user151@example.com', '$2y$12$Yrn2/n9V3Cxi1Cf.ulz6COnnFQeCZt3e8hrlNAVwYs7AEHH0cOcWq', 'user151@example.com', NULL, NULL, NULL, NULL, NULL, NULL, 'hoạt động'),
(103, 'user152@example.com', '$2y$12$gVPG7qIhLXwDRLCica7TbOlJeJK77kEnqMqb61BS0sgoauD2KECci', 'user152@example.com', NULL, NULL, NULL, NULL, NULL, NULL, 'hoạt động'),
(104, 'user153@example.com', '$2y$12$gy6T3uvsyin/AJ60GhzLUeqXSMY8sGO2kpD5C1gVIbtb3jJf837t.', 'user153@example.com', NULL, NULL, NULL, NULL, NULL, NULL, 'hoạt động'),
(105, 'user154@example.com', '$2y$12$4.Sy20IdcyYYZbP1C5R4beqogzFbCBjye5ITL1dfLEVpy0u9HEZFW', 'user154@example.com', NULL, NULL, NULL, NULL, NULL, NULL, 'hoạt động'),
(106, 'user155@example.com', '$2y$12$4cL4y1nqqmWMWsl5AuDEDO56NMYYdbV0/n0Pu2BqOVviI3ZR7f7s6', 'user155@example.com', NULL, NULL, NULL, NULL, NULL, NULL, 'hoạt động'),
(107, 'user156@example.com', '$2y$12$MywTjZ6U4InvHxaeJbG4MOidT7pmmVOI..ZGR4OE21uuTmwDZEI8O', 'user156@example.com', NULL, NULL, NULL, NULL, NULL, NULL, 'hoạt động'),
(108, 'user157@example.com', '$2y$12$d4wPZWTGn7TxAhWb1WEmc.7D1ttPDtaiqO2AGLFAOWpHfHNI6W.3G', 'user157@example.com', '09012345821', NULL, NULL, NULL, NULL, NULL, 'hoạt động'),
(109, 'user158@example.com', '$2y$12$ydBLfvojlGfUU7W6gW2UeOPVs4wM2.tyWfZ1o9WgshvGfPQxaNHO2', 'user158@example.com', NULL, NULL, NULL, NULL, NULL, NULL, 'hoạt động'),
(110, 'user159@example.com', '$2y$12$lQ7xoawS1zpznNrwEQ2lzO/G87dkaBkAKTWPMi/gcCnp04uWwE/Jy', 'user159@example.com', NULL, NULL, NULL, NULL, NULL, NULL, 'hoạt động'),
(111, 'user200@example.com', '$2y$12$HmZl30BApA44CQ.KUh44HucIzpkS2MPCwINj/C./04fxyeK03ysAi', 'user200@example.com', NULL, NULL, NULL, NULL, NULL, NULL, 'hoạt động'),
(114, 'abc', '$2y$12$QMKZDRu3wdPuj1QUtDJF4OpHvhY3BYa3UqJsPksss4DsRZen2xvna', 'abc@example.com', '09012346281', 'a', 'b', 'c', 'd', 'a', 'hoạt động'),
(115, 'abcdefgh275', '$2y$12$YB3LDWZoaJUvFSBNcpjvtOYkfwSbAWW763o3sRggvICC5tvyicWga', 'abcdefgh@example.com', '09012346291', NULL, NULL, NULL, NULL, NULL, 'hoạt động'),
(116, 'user999@example.com', '$2y$12$O3PgvuZ.DJ3Nt9hmC9RZUOhWrjtoQZVdFEyArYDtyxjb4Khoj2W/y', 'user999@example.com', '09012346572', NULL, NULL, NULL, NULL, NULL, 'hoạt động'),
(117, 'sinhvien100', '$2y$12$PTyUQ7fHJciD.cHuo7Fuo.BZw24Z8Xo4kVtPzaCOvgZnWuPzaH/eK', 'sinhvien100@example.com', NULL, NULL, NULL, NULL, NULL, NULL, 'hoạt động');

-- --------------------------------------------------------

--
-- Table structure for table `noidungmonhoc`
--

CREATE TABLE `noidungmonhoc` (
  `id_noidung` int(11) NOT NULL,
  `id_monhoc` int(11) NOT NULL,
  `id_file` int(11) NOT NULL,
  `ten_bai_giang` varchar(255) NOT NULL
) ENGINE=InnoDB DEFAULT CHARSET=utf8mb4 COLLATE=utf8mb4_unicode_ci;

--
-- Dumping data for table `noidungmonhoc`
--

INSERT INTO `noidungmonhoc` (`id_noidung`, `id_monhoc`, `id_file`, `ten_bai_giang`) VALUES
(1, 1, 52, 'Giới thiệu về ngôn ngữ lập trình C'),
(2, 1, 53, 'Biến và kiểu dữ liệu trong C'),
(3, 2, 54, 'Giới thiệu về cấu trúc dữ liệu'),
(4, 2, 55, 'Danh sách liên kết đơn'),
(5, 3, 56, 'Tổng quan về hệ điều hành'),
(6, 4, 57, 'Cơ bản về mạng máy tính'),
(7, 5, 58, 'Quy trình phát triển phần mềm'),
(8, 6, 59, 'Bảo mật thông tin cơ bản'),
(9, 7, 60, 'Giới thiệu về giải thuật'),
(10, 8, 61, 'Nhập môn khoa học dữ liệu'),
(11, 11, 70, 'Nhập môn Kinh tế vi mô'),
(12, 12, 71, 'Cơ bản về Quản trị kinh doanh'),
(13, 13, 72, 'Giới thiệu Kế toán quản trị'),
(14, 14, 73, 'Nguyên lý Marketing'),
(15, 15, 74, 'Tổng quan về Tài chính ngân hàng'),
(16, 16, 75, 'Cơ sở Kinh tế lượng'),
(17, 17, 76, 'Đại cương Kinh tế học'),
(18, 18, 77, 'Nền tảng Lý thuyết tài chính'),
(19, 19, 78, 'Cơ bản về Đầu tư tài chính'),
(20, 20, 79, 'Giới thiệu Pháp luật kinh tế');

-- --------------------------------------------------------

--
-- Table structure for table `password_reset_tokens`
--

CREATE TABLE `password_reset_tokens` (
  `email` varchar(255) NOT NULL,
  `token` varchar(255) NOT NULL,
  `created_at` timestamp NULL DEFAULT NULL
) ENGINE=InnoDB DEFAULT CHARSET=utf8mb4 COLLATE=utf8mb4_unicode_ci;

-- --------------------------------------------------------

--
-- Table structure for table `phanquyen`
--

CREATE TABLE `phanquyen` (
  `id_phanquyen` int(11) NOT NULL,
  `id_nguoidung` int(11) NOT NULL,
  `id_vaitro` int(11) NOT NULL
) ENGINE=InnoDB DEFAULT CHARSET=utf8mb4 COLLATE=utf8mb4_unicode_ci;

--
-- Dumping data for table `phanquyen`
--

INSERT INTO `phanquyen` (`id_phanquyen`, `id_nguoidung`, `id_vaitro`) VALUES
(1, 1, 1),
(2, 2, 6),
(3, 3, 6),
(4, 4, 6),
(5, 5, 6),
(6, 6, 6),
(7, 7, 2),
(8, 8, 2),
(9, 9, 2),
(10, 10, 2),
(11, 11, 2),
(12, 12, 4),
(13, 13, 4),
(14, 14, 4),
(15, 15, 4),
(16, 16, 4),
(17, 17, 4),
(18, 18, 4),
(19, 19, 4),
(20, 20, 4),
(21, 21, 4),
(22, 22, 4),
(23, 23, 4),
(24, 24, 4),
(25, 25, 4),
(26, 26, 4),
(27, 27, 4),
(28, 28, 4),
(29, 29, 4),
(30, 30, 4),
(31, 31, 4),
(32, 32, 4),
(33, 33, 4),
(34, 34, 4),
(35, 35, 4),
(36, 36, 4),
(37, 37, 4),
(38, 38, 4),
(39, 39, 4),
(40, 40, 4),
(41, 41, 4),
(42, 42, 4),
(43, 43, 4),
(44, 44, 4),
(45, 45, 4),
(46, 46, 4),
(47, 47, 4),
(48, 48, 4),
(49, 49, 4),
(50, 50, 4),
(51, 51, 4),
(52, 52, 4),
(53, 53, 4),
(54, 54, 4),
(55, 55, 4),
(56, 56, 4),
(57, 57, 4),
(58, 58, 4),
(59, 59, 4),
(60, 60, 4),
(61, 61, 5),
(62, 62, 3),
(63, 63, 3),
(64, 64, 3),
(65, 65, 3),
(66, 66, 3),
(67, 67, 3),
(68, 68, 3),
(69, 69, 3),
(70, 70, 3),
(71, 71, 3),
(72, 72, 3),
(73, 73, 3),
(74, 74, 3),
(75, 75, 3),
(76, 76, 3),
(77, 77, 3),
(78, 78, 3),
(79, 79, 3),
(80, 80, 3),
(81, 81, 3),
(82, 82, 3),
(83, 83, 3),
(84, 84, 3),
(85, 85, 3),
(86, 86, 3),
(87, 87, 3),
(88, 88, 3),
(89, 89, 3),
(90, 90, 3),
(91, 91, 3),
(92, 92, 3),
(93, 93, 3),
(94, 94, 3),
(95, 95, 3),
(96, 96, 3),
(97, 97, 3),
(98, 98, 3),
(99, 99, 3),
(100, 100, 3),
(101, 101, 3),
(102, 102, 3),
(103, 103, 3),
(104, 104, 3),
(105, 105, 3),
(106, 106, 3),
(107, 107, 3),
(108, 108, 3),
(109, 109, 3),
(110, 110, 3),
(111, 111, 3),
(114, 114, 4),
(115, 115, 4),
(116, 116, 3),
(117, 117, 3);

-- --------------------------------------------------------

--
-- Table structure for table `phonghoc`
--

CREATE TABLE `phonghoc` (
  `id_phonghoc` int(11) NOT NULL,
  `ten_phonghoc` varchar(255) NOT NULL,
  `so_cho_ngoi` int(11) NOT NULL,
  `co_may_chieu` tinyint(1) DEFAULT 0,
  `khu_vuc` varchar(255) DEFAULT NULL
) ENGINE=InnoDB DEFAULT CHARSET=utf8mb4 COLLATE=utf8mb4_unicode_ci;

--
-- Dumping data for table `phonghoc`
--

INSERT INTO `phonghoc` (`id_phonghoc`, `ten_phonghoc`, `so_cho_ngoi`, `co_may_chieu`, `khu_vuc`) VALUES
(1, 'A1-1', 50, 0, 'Building A - Tầng 1'),
(2, 'A1-2', 50, 0, 'Building A - Tầng 1'),
(3, 'A1-3', 50, 0, 'Building A - Tầng 1'),
(4, 'A1-4', 50, 0, 'Building A - Tầng 1'),
(5, 'A1-5', 50, 0, 'Building A - Tầng 1'),
(6, 'A1-6', 50, 0, 'Building A - Tầng 1'),
(7, 'A1-7', 50, 0, 'Building A - Tầng 1'),
(8, 'A2-1', 50, 0, 'Building A - Tầng 2'),
(9, 'A2-2', 50, 0, 'Building A - Tầng 2'),
(10, 'A2-3', 50, 0, 'Building A - Tầng 2'),
(11, 'A2-4', 50, 0, 'Building A - Tầng 2'),
(12, 'A2-5', 50, 0, 'Building A - Tầng 2'),
(13, 'A2-6', 50, 0, 'Building A - Tầng 2'),
(14, 'A2-7', 50, 0, 'Building A - Tầng 2'),
(15, 'A3-1', 50, 0, 'Building A - Tầng 3'),
(16, 'A3-2', 50, 0, 'Building A - Tầng 3'),
(17, 'A3-3', 50, 0, 'Building A - Tầng 3'),
(18, 'A3-4', 50, 0, 'Building A - Tầng 3'),
(19, 'A3-5', 50, 0, 'Building A - Tầng 3'),
(20, 'A3-6', 50, 0, 'Building A - Tầng 3'),
(21, 'A3-7', 50, 0, 'Building A - Tầng 3'),
(22, 'A4-1', 50, 0, 'Building A - Tầng 4'),
(23, 'A4-2', 50, 0, 'Building A - Tầng 4'),
(24, 'A4-3', 50, 0, 'Building A - Tầng 4'),
(25, 'A4-4', 50, 0, 'Building A - Tầng 4'),
(26, 'A4-5', 50, 0, 'Building A - Tầng 4'),
(27, 'A4-6', 50, 0, 'Building A - Tầng 4'),
(28, 'A4-7', 50, 0, 'Building A - Tầng 4'),
(29, 'A5-1', 50, 0, 'Building A - Tầng 5'),
(30, 'A5-2', 50, 0, 'Building A - Tầng 5'),
(31, 'A5-3', 50, 0, 'Building A - Tầng 5'),
(32, 'A5-4', 50, 0, 'Building A - Tầng 5'),
(33, 'A5-5', 50, 0, 'Building A - Tầng 5'),
(34, 'A5-6', 50, 0, 'Building A - Tầng 5'),
(35, 'A5-7', 50, 0, 'Building A - Tầng 5'),
(36, 'A6-1', 50, 0, 'Building A - Tầng 6'),
(37, 'A6-2', 50, 0, 'Building A - Tầng 6'),
(38, 'A6-3', 50, 0, 'Building A - Tầng 6'),
(39, 'A6-4', 50, 0, 'Building A - Tầng 6'),
(40, 'A6-5', 50, 0, 'Building A - Tầng 6'),
(41, 'A6-6', 50, 0, 'Building A - Tầng 6'),
(42, 'A6-7', 50, 0, 'Building A - Tầng 6'),
(43, 'A7-1', 50, 0, 'Building A - Tầng 7'),
(44, 'A7-2', 50, 0, 'Building A - Tầng 7'),
(45, 'A7-3', 50, 0, 'Building A - Tầng 7'),
(46, 'A7-4', 50, 0, 'Building A - Tầng 7'),
(47, 'A7-5', 50, 0, 'Building A - Tầng 7'),
(48, 'A7-6', 50, 0, 'Building A - Tầng 7'),
(49, 'A7-7', 50, 0, 'Building A - Tầng 7'),
(50, 'B1-1', 50, 0, 'Building B - Tầng 1'),
(51, 'B1-2', 50, 0, 'Building B - Tầng 1'),
(52, 'B1-3', 50, 0, 'Building B - Tầng 1'),
(53, 'B1-4', 50, 0, 'Building B - Tầng 1'),
(54, 'B1-5', 50, 0, 'Building B - Tầng 1'),
(55, 'B1-6', 50, 0, 'Building B - Tầng 1'),
(56, 'B1-7', 50, 0, 'Building B - Tầng 1'),
(57, 'B1-8', 50, 0, 'Building B - Tầng 1'),
(58, 'B1-9', 50, 0, 'Building B - Tầng 1'),
(59, 'B1-10', 50, 0, 'Building B - Tầng 1'),
(60, 'B2-1', 50, 0, 'Building B - Tầng 2'),
(61, 'B2-2', 50, 0, 'Building B - Tầng 2'),
(62, 'B2-3', 50, 0, 'Building B - Tầng 2'),
(63, 'B2-4', 50, 0, 'Building B - Tầng 2'),
(64, 'B2-5', 50, 0, 'Building B - Tầng 2'),
(65, 'B2-6', 50, 0, 'Building B - Tầng 2'),
(66, 'B2-7', 50, 0, 'Building B - Tầng 2'),
(67, 'B2-8', 50, 0, 'Building B - Tầng 2'),
(68, 'B2-9', 50, 0, 'Building B - Tầng 2'),
(69, 'B2-10', 50, 0, 'Building B - Tầng 2'),
(70, 'B3-1', 50, 0, 'Building B - Tầng 3'),
(71, 'B3-2', 50, 0, 'Building B - Tầng 3'),
(72, 'B3-3', 50, 0, 'Building B - Tầng 3'),
(73, 'B3-4', 50, 0, 'Building B - Tầng 3'),
(74, 'B3-5', 50, 0, 'Building B - Tầng 3'),
(75, 'B3-6', 50, 0, 'Building B - Tầng 3'),
(76, 'B3-7', 50, 0, 'Building B - Tầng 3'),
(77, 'B3-8', 50, 0, 'Building B - Tầng 3'),
(78, 'B3-9', 50, 0, 'Building B - Tầng 3'),
(79, 'B3-10', 50, 0, 'Building B - Tầng 3'),
(80, 'C1-1', 50, 0, 'Building C - Tầng 1'),
(81, 'C1-2', 50, 0, 'Building C - Tầng 1'),
(82, 'C1-3', 50, 0, 'Building C - Tầng 1'),
(83, 'C1-4', 50, 0, 'Building C - Tầng 1'),
(84, 'C1-5', 50, 0, 'Building C - Tầng 1'),
(85, 'C1-6', 50, 0, 'Building C - Tầng 1'),
(86, 'C1-7', 50, 0, 'Building C - Tầng 1'),
(87, 'C1-8', 50, 0, 'Building C - Tầng 1'),
(88, 'C1-9', 50, 0, 'Building C - Tầng 1'),
(89, 'C1-10', 50, 0, 'Building C - Tầng 1'),
(90, 'D1-1', 50, 0, 'Building D - Tầng 1'),
(91, 'D1-2', 50, 0, 'Building D - Tầng 1'),
(92, 'D1-3', 50, 0, 'Building D - Tầng 1'),
(93, 'D1-4', 50, 0, 'Building D - Tầng 1'),
(94, 'D1-5', 50, 0, 'Building D - Tầng 1'),
(95, 'D1-6', 50, 0, 'Building D - Tầng 1'),
(96, 'D1-7', 50, 0, 'Building D - Tầng 1'),
(97, 'D1-8', 50, 0, 'Building D - Tầng 1'),
(98, 'D1-9', 50, 0, 'Building D - Tầng 1'),
(99, 'D2-1', 50, 0, 'Building D - Tầng 2'),
(100, 'D2-2', 50, 0, 'Building D - Tầng 2'),
(101, 'D2-3', 50, 0, 'Building D - Tầng 2'),
(102, 'D2-4', 50, 0, 'Building D - Tầng 2'),
(103, 'D2-5', 50, 0, 'Building D - Tầng 2'),
(104, 'D2-6', 50, 0, 'Building D - Tầng 2'),
(105, 'D2-7', 50, 0, 'Building D - Tầng 2'),
(106, 'D2-8', 50, 0, 'Building D - Tầng 2'),
(107, 'D2-9', 50, 0, 'Building D - Tầng 2'),
(108, 'D3-1', 50, 0, 'Building D - Tầng 3'),
(109, 'D3-2', 50, 0, 'Building D - Tầng 3'),
(110, 'D3-3', 50, 0, 'Building D - Tầng 3'),
(111, 'D3-4', 50, 0, 'Building D - Tầng 3'),
(112, 'D3-5', 50, 0, 'Building D - Tầng 3'),
(113, 'D3-6', 50, 0, 'Building D - Tầng 3'),
(114, 'D3-7', 50, 0, 'Building D - Tầng 3'),
(115, 'D3-8', 50, 0, 'Building D - Tầng 3'),
(116, 'D3-9', 50, 0, 'Building D - Tầng 3'),
(117, 'D4-1', 50, 0, 'Building D - Tầng 4'),
(118, 'D4-2', 50, 0, 'Building D - Tầng 4'),
(119, 'D4-3', 50, 0, 'Building D - Tầng 4'),
(120, 'D4-4', 50, 0, 'Building D - Tầng 4'),
(121, 'D4-5', 50, 0, 'Building D - Tầng 4'),
(122, 'D4-6', 50, 0, 'Building D - Tầng 4'),
(123, 'D4-7', 50, 0, 'Building D - Tầng 4'),
(124, 'D4-8', 50, 0, 'Building D - Tầng 4'),
(125, 'D4-9', 50, 0, 'Building D - Tầng 4'),
(126, 'D5-1', 50, 0, 'Building D - Tầng 5'),
(127, 'D5-2', 50, 0, 'Building D - Tầng 5'),
(128, 'D5-3', 50, 0, 'Building D - Tầng 5'),
(129, 'D5-4', 50, 0, 'Building D - Tầng 5'),
(130, 'D5-5', 50, 0, 'Building D - Tầng 5'),
(131, 'D5-6', 50, 0, 'Building D - Tầng 5'),
(132, 'D5-7', 50, 0, 'Building D - Tầng 5'),
(133, 'D5-8', 50, 0, 'Building D - Tầng 5'),
(134, 'D5-9', 50, 0, 'Building D - Tầng 5'),
(135, 'D6-1', 50, 0, 'Building D - Tầng 6'),
(136, 'D6-2', 50, 0, 'Building D - Tầng 6'),
(137, 'D6-3', 50, 0, 'Building D - Tầng 6'),
(138, 'D6-4', 50, 0, 'Building D - Tầng 6'),
(139, 'D6-5', 50, 0, 'Building D - Tầng 6'),
(140, 'D6-6', 50, 0, 'Building D - Tầng 6'),
(141, 'D6-7', 50, 0, 'Building D - Tầng 6'),
(142, 'D6-8', 50, 0, 'Building D - Tầng 6'),
(143, 'D6-9', 50, 0, 'Building D - Tầng 6'),
(144, 'D7-1', 50, 0, 'Building D - Tầng 7'),
(145, 'D7-2', 50, 0, 'Building D - Tầng 7'),
(146, 'D7-3', 50, 0, 'Building D - Tầng 7'),
(147, 'D7-4', 50, 0, 'Building D - Tầng 7'),
(148, 'D7-5', 50, 0, 'Building D - Tầng 7'),
(149, 'D7-6', 50, 0, 'Building D - Tầng 7'),
(150, 'D7-7', 50, 0, 'Building D - Tầng 7'),
(151, 'D7-8', 50, 0, 'Building D - Tầng 7'),
(152, 'D7-9', 50, 0, 'Building D - Tầng 7'),
(153, 'D8-1', 50, 0, 'Building D - Tầng 8'),
(154, 'D8-2', 50, 0, 'Building D - Tầng 8'),
(155, 'D8-3', 50, 0, 'Building D - Tầng 8'),
(156, 'D8-4', 50, 0, 'Building D - Tầng 8'),
(157, 'D8-5', 50, 0, 'Building D - Tầng 8'),
(158, 'D8-6', 50, 0, 'Building D - Tầng 8'),
(159, 'D8-7', 50, 0, 'Building D - Tầng 8'),
(160, 'D8-8', 50, 0, 'Building D - Tầng 8'),
(161, 'D8-9', 50, 0, 'Building D - Tầng 8'),
(162, 'D9-1', 50, 0, 'Building D - Tầng 9'),
(163, 'D9-2', 50, 0, 'Building D - Tầng 9'),
(164, 'D9-3', 50, 0, 'Building D - Tầng 9'),
(165, 'D9-4', 50, 0, 'Building D - Tầng 9'),
(166, 'D9-5', 50, 0, 'Building D - Tầng 9'),
(167, 'D9-6', 50, 0, 'Building D - Tầng 9'),
(168, 'D9-7', 50, 0, 'Building D - Tầng 9'),
(169, 'D9-8', 50, 0, 'Building D - Tầng 9'),
(170, 'D9-9', 50, 0, 'Building D - Tầng 9'),
(171, 'D10-1', 50, 0, 'Building D - Tầng 10'),
(172, 'D10-2', 50, 0, 'Building D - Tầng 10'),
(173, 'D10-3', 50, 0, 'Building D - Tầng 10'),
(174, 'D10-4', 50, 0, 'Building D - Tầng 10'),
(175, 'D10-5', 50, 0, 'Building D - Tầng 10'),
(176, 'D10-6', 50, 0, 'Building D - Tầng 10'),
(177, 'D10-7', 50, 0, 'Building D - Tầng 10'),
(178, 'D10-8', 50, 0, 'Building D - Tầng 10'),
(179, 'D10-9', 50, 0, 'Building D - Tầng 10'),
(180, 'D11-1', 50, 0, 'Building D - Tầng 11'),
(181, 'D11-2', 50, 0, 'Building D - Tầng 11'),
(182, 'D11-3', 50, 0, 'Building D - Tầng 11'),
(183, 'D11-4', 50, 0, 'Building D - Tầng 11'),
(184, 'D11-5', 50, 0, 'Building D - Tầng 11'),
(185, 'D11-6', 50, 0, 'Building D - Tầng 11'),
(186, 'D11-7', 50, 0, 'Building D - Tầng 11'),
(187, 'D11-8', 50, 0, 'Building D - Tầng 11'),
(188, 'D11-9', 50, 0, 'Building D - Tầng 11'),
(189, 'D12-1', 50, 0, 'Building D - Tầng 12'),
(190, 'D12-2', 50, 0, 'Building D - Tầng 12'),
(191, 'D12-3', 50, 0, 'Building D - Tầng 12'),
(192, 'D12-4', 50, 0, 'Building D - Tầng 12'),
(193, 'D12-5', 50, 0, 'Building D - Tầng 12'),
(194, 'D12-6', 50, 0, 'Building D - Tầng 12'),
(195, 'D12-7', 50, 0, 'Building D - Tầng 12'),
(196, 'D12-8', 50, 0, 'Building D - Tầng 12'),
(197, 'D12-9', 50, 0, 'Building D - Tầng 12'),
(198, 'D13-1', 50, 0, 'Building D - Tầng 13'),
(199, 'D13-2', 50, 0, 'Building D - Tầng 13'),
(200, 'D13-3', 50, 0, 'Building D - Tầng 13'),
(201, 'D13-4', 50, 0, 'Building D - Tầng 13'),
(202, 'D13-5', 50, 0, 'Building D - Tầng 13'),
(203, 'D13-6', 50, 0, 'Building D - Tầng 13'),
(204, 'D13-7', 50, 0, 'Building D - Tầng 13'),
(205, 'D13-8', 50, 0, 'Building D - Tầng 13'),
(206, 'D13-9', 50, 0, 'Building D - Tầng 13'),
(207, 'D14-1', 50, 0, 'Building D - Tầng 14'),
(208, 'D14-2', 50, 0, 'Building D - Tầng 14'),
(209, 'D14-3', 50, 0, 'Building D - Tầng 14'),
(210, 'D14-4', 50, 0, 'Building D - Tầng 14'),
(211, 'D14-5', 50, 0, 'Building D - Tầng 14'),
(212, 'D14-6', 50, 0, 'Building D - Tầng 14'),
(213, 'D14-7', 50, 0, 'Building D - Tầng 14'),
(214, 'D14-8', 50, 0, 'Building D - Tầng 14'),
(215, 'D14-9', 50, 0, 'Building D - Tầng 14');

-- --------------------------------------------------------

--
-- Table structure for table `sessions`
--

CREATE TABLE `sessions` (
  `id` varchar(255) NOT NULL,
  `user_id` bigint(20) UNSIGNED DEFAULT NULL,
  `ip_address` varchar(45) DEFAULT NULL,
  `user_agent` text DEFAULT NULL,
  `payload` longtext NOT NULL,
  `last_activity` int(11) NOT NULL
) ENGINE=InnoDB DEFAULT CHARSET=utf8mb4 COLLATE=utf8mb4_unicode_ci;

--
-- Dumping data for table `sessions`
--

INSERT INTO `sessions` (`id`, `user_id`, `ip_address`, `user_agent`, `payload`, `last_activity`) VALUES
('R3Q3ewzkG6KXIBaxjFrAMwmtUEMmoGympUS1DLga', 1, '127.0.0.1', 'Mozilla/5.0 (Windows NT 10.0; Win64; x64) AppleWebKit/537.36 (KHTML, like Gecko) Chrome/131.0.0.0 Safari/537.36 Edg/131.0.0.0', 'YTo1OntzOjY6Il90b2tlbiI7czo0MDoiRHBHVGxKcTBkOHp1RGh4eXpIZzlCckhDVm1iYnFrRmowdjRKYzNZbiI7czo2OiJfZmxhc2giO2E6Mjp7czozOiJvbGQiO2E6MDp7fXM6MzoibmV3IjthOjA6e319czo5OiJfcHJldmlvdXMiO2E6MTp7czozOiJ1cmwiO3M6NDU6Imh0dHA6Ly9sb2NhbGhvc3Q6ODAwMC9hZG1pbi9xbG5kL2xpc3RTaW5odmllbiI7fXM6MzoidXJsIjthOjE6e3M6ODoiaW50ZW5kZWQiO3M6Mjc6Imh0dHA6Ly9sb2NhbGhvc3Q6ODAwMC9hZG1pbiI7fXM6NTA6ImxvZ2luX3dlYl81OWJhMzZhZGRjMmIyZjk0MDE1ODBmMDE0YzdmNThlYTRlMzA5ODlkIjtpOjE7fQ==', 1735964839);

-- --------------------------------------------------------

--
-- Table structure for table `sinhvien`
--

CREATE TABLE `sinhvien` (
  `id_sinhvien` int(11) NOT NULL,
  `id_nguoidung` int(11) NOT NULL,
  `ten_sinhvien` varchar(255) NOT NULL,
  `id_lop` int(11) DEFAULT NULL
) ENGINE=InnoDB DEFAULT CHARSET=utf8mb4 COLLATE=utf8mb4_unicode_ci;

--
-- Dumping data for table `sinhvien`
--

INSERT INTO `sinhvien` (`id_sinhvien`, `id_nguoidung`, `ten_sinhvien`, `id_lop`) VALUES
(62, 62, 'Đoàn Nguyên Đức', 17),
(63, 63, 'Đoàn Dự', 20),
(64, 64, 'Sinh viên user64', 1),
(65, 65, 'Sinh viên user65', 15),
(66, 66, 'Sinh viên user66', 1),
(67, 67, 'Sinh viên user67', 5),
(68, 68, 'Sinh viên user68', 1),
(69, 69, 'Sinh viên user69', 10),
(70, 70, 'Sinh viên user70', 1),
(71, 71, 'Sinh viên user71', 20),
(72, 72, 'Sinh viên user72', 3),
(73, 73, 'Sinh viên user73', 2),
(74, 74, 'Sinh viên user74', 2),
(75, 75, 'Sinh viên user75', 3),
(76, 76, 'Sinh viên user76', 9),
(77, 77, 'Sinh viên user77', 13),
(78, 78, 'Sinh viên user78', 15),
(79, 79, 'Sinh viên user79', 10),
(80, 80, 'Sinh viên user80', 7),
(81, 81, 'Sinh viên user81', 2),
(82, 82, 'Sinh viên user82', 11),
(83, 83, 'Sinh viên user83', 10),
(84, 84, 'Sinh viên user84', 12),
(85, 85, 'Sinh viên user85', 2),
(86, 86, 'Sinh viên user86', 2),
(87, 87, 'Sinh viên user87', 1),
(88, 88, 'Sinh viên user88', 21),
(89, 89, 'Sinh viên user89', 10),
(90, 90, 'Sinh viên user90', 12),
(91, 91, 'Sinh viên user91', 4),
(92, 92, 'Sinh viên user92', 8),
(93, 93, 'Sinh viên user93', 2),
(94, 94, 'Sinh viên user94', 11),
(95, 95, 'Sinh viên user95', 2),
(96, 96, 'Sinh viên user96', 20),
(97, 97, 'Sinh viên user97', 4),
(98, 98, 'Sinh viên user98', 4),
(99, 99, 'Sinh viên user99', 10),
(100, 100, 'Sinh viên user100', 13),
(101, 101, 'Đoàn Văn Vương', 13),
(102, 102, 'Lâm Chấn Đông', 1),
(103, 103, 'Tấm', 11),
(104, 104, 'Hoàng Mạnh Hà', 7),
(105, 105, 'Nguyễn Đức', 2),
(106, 106, 'Chẩu Mạnh Hà', 9),
(107, 107, 'Trần Đức Bình', 17),
(108, 108, 'Hoàng Việt Cồ', 9),
(109, 109, 'Văn Bằng', 20),
(110, 110, 'Khổng Tử', 23),
(111, 111, 'Nguyễn Chí Cường', 12),
(112, 116, 'Xavier', 12),
(114, 114, 'abc', 5),
(115, 1, 'user01', NULL),
(116, 117, 'sinhvien100', 12);

-- --------------------------------------------------------

--
-- Table structure for table `sodutaikhoan`
--

CREATE TABLE `sodutaikhoan` (
  `id_sodutaikhoan` int(11) NOT NULL,
  `amount` decimal(15,2) NOT NULL DEFAULT 999999999999.00,
  `id_cardnumber` varchar(255) NOT NULL,
  `id_cvv` char(3) NOT NULL,
  `id_billingaddress` varchar(255) NOT NULL,
  `id_expirydate` varchar(5) DEFAULT NULL,
  `created_at` timestamp NULL DEFAULT current_timestamp(),
  `updated_at` timestamp NULL DEFAULT current_timestamp() ON UPDATE current_timestamp()
) ENGINE=InnoDB DEFAULT CHARSET=utf8mb4 COLLATE=utf8mb4_general_ci;

--
-- Dumping data for table `sodutaikhoan`
--

INSERT INTO `sodutaikhoan` (`id_sodutaikhoan`, `amount`, `id_cardnumber`, `id_cvv`, `id_billingaddress`, `id_expirydate`, `created_at`, `updated_at`) VALUES
(1, 999970299999.00, '4111111111111111', '123', '123 Main St, City', '12/25', '2024-12-31 10:12:29', '2025-01-03 18:33:25');

-- --------------------------------------------------------

--
-- Table structure for table `thanhtich`
--

CREATE TABLE `thanhtich` (
  `id_thanhtich` int(11) NOT NULL,
  `id_sinhvien` int(11) NOT NULL,
  `ten_thanhtich` varchar(255) NOT NULL,
  `mo_ta` text DEFAULT NULL,
  `ngay_dat_duoc` date NOT NULL,
  `loai_thanhtich` enum('Cá nhân','Nhóm') DEFAULT 'Cá nhân'
) ENGINE=InnoDB DEFAULT CHARSET=utf8mb4 COLLATE=utf8mb4_unicode_ci;

-- --------------------------------------------------------

--
-- Table structure for table `thanhtoan`
--

CREATE TABLE `thanhtoan` (
  `id_thanhtoan` int(11) NOT NULL,
  `id_hocphi` int(11) NOT NULL,
  `so_tien_da_tra` decimal(10,2) NOT NULL,
  `phuong_thuc` enum('Tiền mặt','Chuyển khoản','Thẻ tín dụng') NOT NULL,
  `ngay_thanhtoan` datetime DEFAULT current_timestamp(),
  `trang_thai` enum('Thành công','Chờ xử lý','Thất bại') DEFAULT 'Chờ xử lý'
) ENGINE=InnoDB DEFAULT CHARSET=utf8mb4 COLLATE=utf8mb4_unicode_ci;

--
-- Dumping data for table `thanhtoan`
--

INSERT INTO `thanhtoan` (`id_thanhtoan`, `id_hocphi`, `so_tien_da_tra`, `phuong_thuc`, `ngay_thanhtoan`, `trang_thai`) VALUES
(1, 248, 9900000.00, 'Thẻ tín dụng', '2024-12-31 10:34:28', 'Thành công'),
(2, 249, 9900000.00, 'Thẻ tín dụng', '2024-12-31 10:37:42', 'Thành công'),
(3, 191, 80400000.00, 'Thẻ tín dụng', '2025-01-01 19:12:20', 'Thành công'),
(4, 194, 80400000.00, 'Thẻ tín dụng', '2025-01-01 19:12:20', 'Thành công'),
(5, 197, 80400000.00, 'Thẻ tín dụng', '2025-01-01 19:12:20', 'Thành công'),
(6, 200, 80400000.00, 'Thẻ tín dụng', '2025-01-01 19:12:20', 'Thành công'),
(7, 203, 80400000.00, 'Thẻ tín dụng', '2025-01-01 19:12:20', 'Thành công'),
(8, 206, 80400000.00, 'Thẻ tín dụng', '2025-01-01 19:12:20', 'Thành công'),
(9, 209, 80400000.00, 'Thẻ tín dụng', '2025-01-01 19:12:20', 'Thành công'),
(10, 212, 80400000.00, 'Thẻ tín dụng', '2025-01-01 19:12:20', 'Thành công'),
(11, 215, 80400000.00, 'Thẻ tín dụng', '2025-01-01 19:12:20', 'Thành công'),
(12, 218, 80400000.00, 'Thẻ tín dụng', '2025-01-01 19:12:20', 'Thành công'),
(13, 221, 33300000.00, 'Thẻ tín dụng', '2025-01-01 19:12:20', 'Thành công'),
(14, 224, 33300000.00, 'Thẻ tín dụng', '2025-01-01 19:12:20', 'Thành công'),
(15, 227, 33300000.00, 'Thẻ tín dụng', '2025-01-01 19:12:20', 'Thành công'),
(16, 230, 13500000.00, 'Thẻ tín dụng', '2025-01-01 19:12:20', 'Thành công'),
(17, 233, 13500000.00, 'Thẻ tín dụng', '2025-01-01 19:12:20', 'Thành công'),
(18, 236, 13500000.00, 'Thẻ tín dụng', '2025-01-01 19:12:20', 'Thành công'),
(19, 239, 13500000.00, 'Thẻ tín dụng', '2025-01-01 19:12:20', 'Thành công'),
(20, 250, 9900000.00, 'Thẻ tín dụng', '2025-01-04 01:33:25', 'Thành công');

-- --------------------------------------------------------

--
-- Table structure for table `thoikhoabieu`
--

CREATE TABLE `thoikhoabieu` (
  `id_thoikhoabieu` int(11) NOT NULL,
  `id_monhoc` int(11) NOT NULL,
  `id_giaovien` int(11) NOT NULL,
  `id_lop` int(11) NOT NULL,
  `id_phonghoc` int(11) NOT NULL,
  `ngay_hoc` date NOT NULL,
  `gio_bat_dau` time NOT NULL,
  `gio_ket_thuc` time NOT NULL
) ENGINE=InnoDB DEFAULT CHARSET=utf8mb4 COLLATE=utf8mb4_unicode_ci;

--
-- Dumping data for table `thoikhoabieu`
--

INSERT INTO `thoikhoabieu` (`id_thoikhoabieu`, `id_monhoc`, `id_giaovien`, `id_lop`, `id_phonghoc`, `ngay_hoc`, `gio_bat_dau`, `gio_ket_thuc`) VALUES
(281, 1, 12, 1, 1, '2024-12-02', '13:00:00', '15:00:00'),
(282, 2, 13, 1, 2, '2024-12-03', '13:00:00', '15:00:00'),
(283, 3, 14, 1, 3, '2024-12-04', '13:00:00', '15:00:00'),
(284, 4, 15, 1, 4, '2024-12-05', '13:00:00', '15:00:00'),
(285, 5, 16, 2, 5, '2024-12-02', '13:00:00', '15:00:00'),
(286, 6, 17, 2, 6, '2024-12-03', '13:00:00', '15:00:00'),
(287, 7, 18, 2, 7, '2024-12-04', '13:00:00', '15:00:00'),
(288, 8, 19, 2, 8, '2024-12-05', '13:00:00', '15:00:00'),
(289, 9, 20, 3, 9, '2024-12-02', '07:30:00', '09:00:00'),
(290, 10, 21, 3, 10, '2024-12-03', '07:30:00', '09:00:00'),
(291, 11, 22, 3, 11, '2024-12-04', '07:30:00', '09:00:00'),
(292, 12, 23, 3, 12, '2024-12-05', '07:30:00', '09:00:00'),
(293, 13, 24, 4, 13, '2024-12-02', '07:30:00', '09:00:00'),
(294, 14, 25, 4, 14, '2024-12-03', '07:30:00', '09:00:00'),
(295, 15, 26, 4, 15, '2024-12-04', '07:30:00', '09:00:00'),
(296, 16, 27, 4, 16, '2024-12-05', '07:30:00', '09:00:00'),
(297, 17, 28, 5, 17, '2024-12-02', '13:00:00', '15:00:00'),
(298, 18, 29, 5, 18, '2024-12-03', '13:00:00', '15:00:00'),
(299, 19, 30, 5, 19, '2024-12-04', '13:00:00', '15:00:00'),
(300, 20, 31, 5, 20, '2024-12-05', '13:00:00', '15:00:00'),
(301, 21, 32, 6, 21, '2024-12-02', '07:30:00', '09:00:00'),
(302, 22, 33, 6, 22, '2024-12-03', '07:30:00', '09:00:00'),
(303, 23, 34, 6, 23, '2024-12-04', '07:30:00', '09:00:00'),
(304, 24, 35, 6, 24, '2024-12-05', '07:30:00', '09:00:00'),
(305, 36, 36, 7, 25, '2024-12-02', '13:00:00', '15:00:00'),
(306, 37, 37, 7, 26, '2024-12-03', '13:00:00', '15:00:00'),
(307, 38, 38, 7, 27, '2024-12-04', '13:00:00', '15:00:00'),
(308, 39, 39, 7, 28, '2024-12-05', '13:00:00', '15:00:00'),
(309, 40, 40, 8, 29, '2024-12-02', '07:30:00', '09:00:00'),
(310, 41, 41, 8, 30, '2024-12-03', '07:30:00', '09:00:00'),
(311, 42, 42, 8, 31, '2024-12-04', '07:30:00', '09:00:00'),
(312, 43, 43, 8, 32, '2024-12-05', '07:30:00', '09:00:00'),
(313, 11, 44, 9, 51, '2024-12-02', '13:00:00', '15:00:00'),
(314, 12, 45, 9, 52, '2024-12-03', '13:00:00', '15:00:00'),
(315, 13, 46, 9, 53, '2024-12-04', '13:00:00', '15:00:00'),
(316, 14, 47, 9, 54, '2024-12-05', '13:00:00', '15:00:00'),
(317, 15, 48, 10, 55, '2024-12-02', '13:00:00', '15:00:00'),
(318, 16, 49, 10, 56, '2024-12-03', '13:00:00', '15:00:00'),
(319, 17, 1, 10, 57, '2024-12-04', '13:00:00', '15:00:00'),
(320, 18, 2, 10, 58, '2024-12-05', '13:00:00', '15:00:00'),
(321, 19, 3, 11, 59, '2024-12-02', '07:30:00', '09:00:00'),
(322, 20, 4, 11, 60, '2024-12-03', '07:30:00', '09:00:00'),
(323, 21, 5, 11, 61, '2024-12-04', '07:30:00', '09:00:00'),
(324, 22, 6, 11, 62, '2024-12-05', '07:30:00', '09:00:00'),
(325, 23, 7, 12, 63, '2024-12-02', '07:30:00', '09:00:00'),
(326, 24, 8, 12, 64, '2024-12-03', '07:30:00', '09:00:00'),
(327, 25, 9, 12, 65, '2024-12-04', '07:30:00', '09:00:00'),
(328, 26, 10, 12, 66, '2024-12-05', '07:30:00', '09:00:00'),
(329, 27, 11, 13, 67, '2024-12-02', '13:00:00', '15:00:00'),
(330, 28, 12, 13, 68, '2024-12-03', '13:00:00', '15:00:00'),
(331, 29, 13, 13, 69, '2024-12-04', '13:00:00', '15:00:00'),
(332, 30, 14, 13, 70, '2024-12-05', '13:00:00', '15:00:00'),
(333, 31, 15, 14, 71, '2024-12-02', '07:30:00', '09:00:00'),
(334, 32, 16, 14, 72, '2024-12-03', '07:30:00', '09:00:00'),
(335, 33, 17, 14, 73, '2024-12-04', '07:30:00', '09:00:00'),
(336, 34, 18, 14, 74, '2024-12-05', '07:30:00', '09:00:00'),
(337, 35, 19, 15, 75, '2024-12-02', '13:00:00', '15:00:00'),
(338, 36, 20, 15, 76, '2024-12-03', '13:00:00', '15:00:00'),
(339, 37, 21, 15, 77, '2024-12-04', '13:00:00', '15:00:00'),
(340, 38, 22, 15, 78, '2024-12-05', '13:00:00', '15:00:00'),
(341, 39, 23, 16, 79, '2024-12-02', '07:30:00', '09:00:00'),
(342, 40, 24, 16, 80, '2024-12-03', '07:30:00', '09:00:00'),
(343, 41, 25, 16, 81, '2024-12-04', '07:30:00', '09:00:00'),
(344, 42, 26, 16, 82, '2024-12-05', '07:30:00', '09:00:00'),
(345, 43, 27, 17, 83, '2024-12-02', '13:00:00', '15:00:00'),
(353, 6, 50, 11, 1, '2024-12-26', '08:10:00', '09:11:00'),
(354, 6, 51, 11, 3, '2024-12-26', '07:15:00', '07:16:00'),
(355, 6, 50, 11, 1, '2024-12-26', '07:22:00', '07:23:00'),
(356, 6, 50, 11, 11, '2024-12-30', '08:24:00', '09:24:00'),
(401, 11, 1, 5, 17, '2024-12-30', '07:30:00', '09:00:00'),
(402, 21, 2, 3, 9, '2024-12-30', '07:30:00', '09:00:00'),
(403, 31, 3, 23, 83, '2024-12-30', '07:30:00', '09:00:00'),
(404, 12, 4, 5, 18, '2024-12-31', '07:30:00', '09:00:00'),
(405, 22, 5, 3, 10, '2024-12-31', '07:30:00', '09:00:00'),
(406, 32, 6, 23, 84, '2024-12-31', '07:30:00', '09:00:00'),
(407, 13, 7, 5, 19, '2025-01-02', '07:30:00', '09:00:00'),
(408, 23, 8, 3, 11, '2025-01-02', '07:30:00', '09:00:00'),
(409, 33, 9, 23, 85, '2025-01-02', '07:30:00', '09:00:00'),
(410, 14, 10, 5, 20, '2025-01-03', '07:30:00', '09:00:00'),
(411, 24, 11, 3, 12, '2025-01-03', '07:30:00', '09:00:00'),
(412, 34, 12, 23, 86, '2025-01-03', '07:30:00', '09:00:00'),
(413, 15, 13, 5, 21, '2024-12-30', '13:00:00', '15:00:00'),
(414, 25, 14, 13, 67, '2024-12-30', '13:00:00', '15:00:00'),
(415, 16, 15, 5, 22, '2024-12-31', '13:00:00', '15:00:00'),
(416, 26, 16, 13, 68, '2024-12-31', '13:00:00', '15:00:00'),
(417, 17, 17, 5, 23, '2025-01-02', '13:00:00', '15:00:00'),
(418, 27, 18, 13, 69, '2025-01-02', '13:00:00', '15:00:00'),
(419, 18, 19, 5, 24, '2025-01-03', '13:00:00', '15:00:00'),
(420, 28, 20, 13, 70, '2025-01-03', '13:00:00', '15:00:00'),
(421, 19, 21, 5, 17, '2025-01-06', '07:30:00', '09:00:00'),
(422, 29, 22, 3, 9, '2025-01-06', '07:30:00', '09:00:00'),
(423, 35, 23, 23, 83, '2025-01-06', '07:30:00', '09:00:00'),
(424, 20, 24, 5, 18, '2025-01-07', '07:30:00', '09:00:00'),
(425, 30, 25, 3, 10, '2025-01-07', '07:30:00', '09:00:00'),
(426, 36, 26, 23, 84, '2025-01-07', '07:30:00', '09:00:00'),
(427, 11, 27, 5, 19, '2025-01-08', '07:30:00', '09:00:00'),
(428, 31, 28, 3, 11, '2025-01-08', '07:30:00', '09:00:00'),
(429, 37, 29, 23, 85, '2025-01-08', '07:30:00', '09:00:00'),
(430, 12, 30, 5, 20, '2025-01-09', '07:30:00', '09:00:00'),
(431, 32, 31, 3, 12, '2025-01-09', '07:30:00', '09:00:00'),
(432, 38, 32, 23, 86, '2025-01-09', '07:30:00', '09:00:00'),
(433, 13, 33, 5, 21, '2025-01-10', '07:30:00', '09:00:00'),
(434, 33, 34, 3, 9, '2025-01-10', '07:30:00', '09:00:00'),
(435, 39, 35, 23, 83, '2025-01-10', '07:30:00', '09:00:00'),
(436, 14, 36, 5, 22, '2025-01-06', '13:00:00', '15:00:00'),
(437, 34, 37, 13, 67, '2025-01-06', '13:00:00', '15:00:00'),
(438, 15, 38, 5, 23, '2025-01-07', '13:00:00', '15:00:00'),
(439, 35, 39, 13, 68, '2025-01-07', '13:00:00', '15:00:00'),
(440, 16, 40, 5, 24, '2025-01-08', '13:00:00', '15:00:00'),
(441, 36, 41, 13, 69, '2025-01-08', '13:00:00', '15:00:00'),
(442, 17, 42, 5, 25, '2025-01-09', '13:00:00', '15:00:00'),
(443, 37, 43, 13, 70, '2025-01-09', '13:00:00', '15:00:00'),
(444, 18, 44, 5, 26, '2025-01-10', '13:00:00', '15:00:00'),
(445, 38, 45, 13, 71, '2025-01-10', '13:00:00', '15:00:00');

-- --------------------------------------------------------

--
-- Table structure for table `thong_bao`
--

CREATE TABLE `thong_bao` (
  `id_thongbao` int(11) NOT NULL,
  `id_nguoidung` int(11) NOT NULL,
  `tieu_de` varchar(255) NOT NULL,
  `noi_dung` text NOT NULL,
  `loai_thongbao` varchar(50) DEFAULT NULL,
  `da_doc` tinyint(1) DEFAULT 0,
  `thoi_gian` datetime DEFAULT current_timestamp()
) ENGINE=InnoDB DEFAULT CHARSET=utf8mb4 COLLATE=utf8mb4_unicode_ci;

--
-- Dumping data for table `thong_bao`
--

INSERT INTO `thong_bao` (`id_thongbao`, `id_nguoidung`, `tieu_de`, `noi_dung`, `loai_thongbao`, `da_doc`, `thoi_gian`) VALUES
(1, 1, 'Chào mừng đến với hệ thống', 'Chào mừng user01 đến với hệ thống quản lý.', 'system', 1, '2024-12-09 14:13:53'),
(2, 1, 'Cập nhật thông tin', 'Vui lòng cập nhật thông tin cá nhân của bạn.', 'info', 1, '2024-12-09 13:13:53'),
(3, 1, 'Nhiệm vụ mới', 'Bạn có một nhiệm vụ mới cần xử lý.', 'task', 1, '2024-12-09 12:13:53'),
(4, 1, 'Bảo mật tài khoản', 'Vui lòng thay đổi mật khẩu định kỳ để bảo vệ tài khoản.', 'security', 1, '2024-12-08 14:13:53'),
(5, 1, 'Thông báo bảo trì', 'Hệ thống sẽ bảo trì vào ngày mai.', 'maintenance', 1, '2024-12-07 14:13:53');

-- --------------------------------------------------------

--
-- Table structure for table `thuoctinhchung`
--

CREATE TABLE `thuoctinhchung` (
  `id_thuoctinh` int(11) NOT NULL,
  `ten_thuoctinh` varchar(255) NOT NULL,
  `gia_tri` text NOT NULL,
  `mo_ta` text DEFAULT NULL
) ENGINE=InnoDB DEFAULT CHARSET=utf8mb4 COLLATE=utf8mb4_unicode_ci;

-- --------------------------------------------------------

--
-- Table structure for table `vaitro`
--

CREATE TABLE `vaitro` (
  `id_vaitro` int(11) NOT NULL,
  `ten_vaitro` varchar(100) NOT NULL,
  `mo_ta_vaitro` text DEFAULT NULL
) ENGINE=InnoDB DEFAULT CHARSET=utf8mb4 COLLATE=utf8mb4_unicode_ci;

--
-- Dumping data for table `vaitro`
--

INSERT INTO `vaitro` (`id_vaitro`, `ten_vaitro`, `mo_ta_vaitro`) VALUES
(1, 'Admin', 'Quản trị toàn bộ hệ thống, có quyền thay đổi cấu hình, quản lý người dùng và các tài nguyên hệ thống.'),
(2, 'Kế Toán', 'Quản lý tài chính, thu chi, lập báo cáo tài chính cho các hoạt động của trường học.'),
(3, 'Sinh Viên', 'Học sinh viên tham gia học tập, đăng ký môn học, xem lịch học và điểm thi.'),
(4, 'Giáo Viên', 'Giảng dạy, chấm điểm, theo dõi tiến độ học tập của sinh viên và hỗ trợ giáo dục.'),
(5, 'Hiệu Trưởng', 'Quản lý chung trường học, quyết định các chính sách và giám sát các hoạt động giáo dục.'),
(6, 'Giáo Vụ', 'Quản lý lịch học, sắp xếp phòng học, giảng viên và các vấn đề hành chính liên quan đến công tác giảng dạy.');

--
-- Indexes for dumped tables
--

--
-- Indexes for table `admin`
--
ALTER TABLE `admin`
  ADD PRIMARY KEY (`id_admin`),
  ADD KEY `id_nguoidung` (`id_nguoidung`);

--
-- Indexes for table `baihoc`
--
ALTER TABLE `baihoc`
  ADD PRIMARY KEY (`id_baihoc`),
  ADD KEY `id_monhoc` (`id_monhoc`),
  ADD KEY `id_file` (`id_file`);

--
-- Indexes for table `cache`
--
ALTER TABLE `cache`
  ADD PRIMARY KEY (`key`);

--
-- Indexes for table `cache_locks`
--
ALTER TABLE `cache_locks`
  ADD PRIMARY KEY (`key`);

--
-- Indexes for table `chitietchuyennganh`
--
ALTER TABLE `chitietchuyennganh`
  ADD PRIMARY KEY (`id_chitiet`),
  ADD KEY `ma_chuyennganh` (`id_chuyennganh`),
  ADD KEY `ma_monhoc` (`id_monhoc`);

--
-- Indexes for table `chitiethocphi`
--
ALTER TABLE `chitiethocphi`
  ADD PRIMARY KEY (`id_chitiethocphi`),
  ADD UNIQUE KEY `unique_hocphi_monhoc` (`id_hocphi`,`id_monhoc`),
  ADD KEY `id_hocphi` (`id_hocphi`),
  ADD KEY `id_monhoc` (`id_monhoc`),
  ADD KEY `id_mien_giam` (`id_mien_giam`);

--
-- Indexes for table `chitietmonhoc`
--
ALTER TABLE `chitietmonhoc`
  ADD PRIMARY KEY (`id_chitietmonhoc`),
  ADD KEY `ma_monhoc` (`id_monhoc`);

--
-- Indexes for table `chuyennganh`
--
ALTER TABLE `chuyennganh`
  ADD PRIMARY KEY (`id_chuyennganh`),
  ADD KEY `FK_chuyennganh_khoa` (`id_khoa`);

--
-- Indexes for table `dangky`
--
ALTER TABLE `dangky`
  ADD PRIMARY KEY (`id_dangky`),
  ADD KEY `id_nguoidung` (`id_nguoidung`),
  ADD KEY `id_monhoc` (`id_monhoc`),
  ADD KEY `id_chuyennganh` (`id_chuyennganh`);

--
-- Indexes for table `diem`
--
ALTER TABLE `diem`
  ADD PRIMARY KEY (`id_diem`),
  ADD KEY `id_sinhvien` (`id_sinhvien`),
  ADD KEY `id_monhoc` (`id_monhoc`);

--
-- Indexes for table `diemdanh`
--
ALTER TABLE `diemdanh`
  ADD PRIMARY KEY (`id_diemdanh`),
  ADD KEY `id_sinhvien` (`id_sinhvien`),
  ADD KEY `id_thoikhoabieu` (`id_thoikhoabieu`);

--
-- Indexes for table `failed_jobs`
--
ALTER TABLE `failed_jobs`
  ADD PRIMARY KEY (`id`),
  ADD UNIQUE KEY `failed_jobs_uuid_unique` (`uuid`);

--
-- Indexes for table `file_nguoidung`
--
ALTER TABLE `file_nguoidung`
  ADD PRIMARY KEY (`id_file`),
  ADD KEY `id_nguoidung` (`id_nguoidung`);

--
-- Indexes for table `file_upload`
--
ALTER TABLE `file_upload`
  ADD PRIMARY KEY (`id_file`),
  ADD KEY `id_chuyennganh` (`id_chuyennganh`),
  ADD KEY `id_khoa` (`id_khoa`),
  ADD KEY `id_monhoc` (`id_monhoc`),
  ADD KEY `id_lop` (`id_lop`);

--
-- Indexes for table `giaovien`
--
ALTER TABLE `giaovien`
  ADD PRIMARY KEY (`id_giaovien`),
  ADD KEY `id_nguoidung` (`id_nguoidung`),
  ADD KEY `ma_khoa` (`id_khoa`);

--
-- Indexes for table `giaovien_monhoc`
--
ALTER TABLE `giaovien_monhoc`
  ADD PRIMARY KEY (`id`),
  ADD KEY `ma_giaovien` (`id_giaovien`),
  ADD KEY `ma_monhoc` (`id_monhoc`);

--
-- Indexes for table `hieutruong`
--
ALTER TABLE `hieutruong`
  ADD PRIMARY KEY (`id_hieutruong`),
  ADD KEY `id_nguoidung` (`id_nguoidung`);

--
-- Indexes for table `hocphi`
--
ALTER TABLE `hocphi`
  ADD PRIMARY KEY (`id_hocphi`),
  ADD KEY `id_sinhvien` (`id_sinhvien`);

--
-- Indexes for table `hoctap`
--
ALTER TABLE `hoctap`
  ADD PRIMARY KEY (`id_hoctap`),
  ADD KEY `id_nguoidung` (`id_nguoidung`),
  ADD KEY `id_monhoc` (`id_monhoc`),
  ADD KEY `id_noidung` (`id_noidung`);

--
-- Indexes for table `jobs`
--
ALTER TABLE `jobs`
  ADD PRIMARY KEY (`id`),
  ADD KEY `jobs_queue_index` (`queue`);

--
-- Indexes for table `job_batches`
--
ALTER TABLE `job_batches`
  ADD PRIMARY KEY (`id`);

--
-- Indexes for table `ketoan`
--
ALTER TABLE `ketoan`
  ADD PRIMARY KEY (`id_ketoan`),
  ADD KEY `id_nguoidung` (`id_nguoidung`);

--
-- Indexes for table `khoa`
--
ALTER TABLE `khoa`
  ADD PRIMARY KEY (`id_khoa`);

--
-- Indexes for table `login_logs`
--
ALTER TABLE `login_logs`
  ADD PRIMARY KEY (`id`),
  ADD KEY `login_logs_user_id_foreign` (`user_id`);

--
-- Indexes for table `lop`
--
ALTER TABLE `lop`
  ADD PRIMARY KEY (`id_lop`),
  ADD KEY `ma_phong_hoc` (`id_phonghoc`),
  ADD KEY `fk_lop_chuyennganh` (`id_chuyennganh`);

--
-- Indexes for table `mien_giam_hoc_phi`
--
ALTER TABLE `mien_giam_hoc_phi`
  ADD PRIMARY KEY (`id_mien_giam`),
  ADD KEY `fk_miengiam_monhoc` (`id_monhoc`);

--
-- Indexes for table `migrations`
--
ALTER TABLE `migrations`
  ADD PRIMARY KEY (`id`);

--
-- Indexes for table `monhoc`
--
ALTER TABLE `monhoc`
  ADD PRIMARY KEY (`id_monhoc`),
  ADD KEY `ma_chuyen_nganh` (`id_chuyennganh`);

--
-- Indexes for table `nguoidung`
--
ALTER TABLE `nguoidung`
  ADD PRIMARY KEY (`id_nguoidung`),
  ADD UNIQUE KEY `unique_so_dien_thoai` (`so_dien_thoai`);

--
-- Indexes for table `noidungmonhoc`
--
ALTER TABLE `noidungmonhoc`
  ADD PRIMARY KEY (`id_noidung`),
  ADD KEY `id_monhoc` (`id_monhoc`),
  ADD KEY `fk_idfile` (`id_file`);

--
-- Indexes for table `password_reset_tokens`
--
ALTER TABLE `password_reset_tokens`
  ADD PRIMARY KEY (`email`);

--
-- Indexes for table `phanquyen`
--
ALTER TABLE `phanquyen`
  ADD PRIMARY KEY (`id_phanquyen`),
  ADD KEY `id_nguoidung` (`id_nguoidung`),
  ADD KEY `id_vaitro` (`id_vaitro`);

--
-- Indexes for table `phonghoc`
--
ALTER TABLE `phonghoc`
  ADD PRIMARY KEY (`id_phonghoc`);

--
-- Indexes for table `sessions`
--
ALTER TABLE `sessions`
  ADD PRIMARY KEY (`id`),
  ADD KEY `sessions_user_id_index` (`user_id`),
  ADD KEY `sessions_last_activity_index` (`last_activity`);

--
-- Indexes for table `sinhvien`
--
ALTER TABLE `sinhvien`
  ADD PRIMARY KEY (`id_sinhvien`),
  ADD KEY `id_nguoidung` (`id_nguoidung`),
  ADD KEY `fk_id_lop` (`id_lop`);

--
-- Indexes for table `sodutaikhoan`
--
ALTER TABLE `sodutaikhoan`
  ADD PRIMARY KEY (`id_sodutaikhoan`);

--
-- Indexes for table `thanhtich`
--
ALTER TABLE `thanhtich`
  ADD PRIMARY KEY (`id_thanhtich`),
  ADD KEY `id_sinhvien` (`id_sinhvien`);

--
-- Indexes for table `thanhtoan`
--
ALTER TABLE `thanhtoan`
  ADD PRIMARY KEY (`id_thanhtoan`),
  ADD KEY `id_hocphi` (`id_hocphi`);

--
-- Indexes for table `thoikhoabieu`
--
ALTER TABLE `thoikhoabieu`
  ADD PRIMARY KEY (`id_thoikhoabieu`),
  ADD KEY `id_monhoc` (`id_monhoc`),
  ADD KEY `id_giaovien` (`id_giaovien`),
  ADD KEY `id_lop` (`id_lop`),
  ADD KEY `id_phonghoc` (`id_phonghoc`);

--
-- Indexes for table `thong_bao`
--
ALTER TABLE `thong_bao`
  ADD PRIMARY KEY (`id_thongbao`),
  ADD KEY `fk_thongbao_nguoidung` (`id_nguoidung`);

--
-- Indexes for table `thuoctinhchung`
--
ALTER TABLE `thuoctinhchung`
  ADD PRIMARY KEY (`id_thuoctinh`);

--
-- Indexes for table `vaitro`
--
ALTER TABLE `vaitro`
  ADD PRIMARY KEY (`id_vaitro`);

--
-- AUTO_INCREMENT for dumped tables
--

--
-- AUTO_INCREMENT for table `admin`
--
ALTER TABLE `admin`
  MODIFY `id_admin` int(11) NOT NULL AUTO_INCREMENT;

--
-- AUTO_INCREMENT for table `baihoc`
--
ALTER TABLE `baihoc`
  MODIFY `id_baihoc` int(11) NOT NULL AUTO_INCREMENT, AUTO_INCREMENT=13;

--
-- AUTO_INCREMENT for table `chitietchuyennganh`
--
ALTER TABLE `chitietchuyennganh`
  MODIFY `id_chitiet` int(11) NOT NULL AUTO_INCREMENT, AUTO_INCREMENT=311;

--
-- AUTO_INCREMENT for table `chitiethocphi`
--
ALTER TABLE `chitiethocphi`
  MODIFY `id_chitiethocphi` int(11) NOT NULL AUTO_INCREMENT, AUTO_INCREMENT=4146;

--
-- AUTO_INCREMENT for table `chitietmonhoc`
--
ALTER TABLE `chitietmonhoc`
  MODIFY `id_chitietmonhoc` int(11) NOT NULL AUTO_INCREMENT, AUTO_INCREMENT=81;

--
-- AUTO_INCREMENT for table `chuyennganh`
--
ALTER TABLE `chuyennganh`
  MODIFY `id_chuyennganh` int(11) NOT NULL AUTO_INCREMENT, AUTO_INCREMENT=37;

--
-- AUTO_INCREMENT for table `dangky`
--
ALTER TABLE `dangky`
  MODIFY `id_dangky` int(11) NOT NULL AUTO_INCREMENT;

--
-- AUTO_INCREMENT for table `diem`
--
ALTER TABLE `diem`
  MODIFY `id_diem` int(11) NOT NULL AUTO_INCREMENT;

--
-- AUTO_INCREMENT for table `diemdanh`
--
ALTER TABLE `diemdanh`
  MODIFY `id_diemdanh` int(11) NOT NULL AUTO_INCREMENT;

--
-- AUTO_INCREMENT for table `failed_jobs`
--
ALTER TABLE `failed_jobs`
  MODIFY `id` bigint(20) UNSIGNED NOT NULL AUTO_INCREMENT;

--
-- AUTO_INCREMENT for table `file_nguoidung`
--
ALTER TABLE `file_nguoidung`
  MODIFY `id_file` int(11) NOT NULL AUTO_INCREMENT, AUTO_INCREMENT=2;

--
-- AUTO_INCREMENT for table `file_upload`
--
ALTER TABLE `file_upload`
  MODIFY `id_file` int(11) NOT NULL AUTO_INCREMENT, AUTO_INCREMENT=90;

--
-- AUTO_INCREMENT for table `giaovien`
--
ALTER TABLE `giaovien`
  MODIFY `id_giaovien` int(11) NOT NULL AUTO_INCREMENT, AUTO_INCREMENT=52;

--
-- AUTO_INCREMENT for table `giaovien_monhoc`
--
ALTER TABLE `giaovien_monhoc`
  MODIFY `id` int(11) NOT NULL AUTO_INCREMENT, AUTO_INCREMENT=5;

--
-- AUTO_INCREMENT for table `hieutruong`
--
ALTER TABLE `hieutruong`
  MODIFY `id_hieutruong` int(11) NOT NULL AUTO_INCREMENT;

--
-- AUTO_INCREMENT for table `hocphi`
--
ALTER TABLE `hocphi`
  MODIFY `id_hocphi` int(11) NOT NULL AUTO_INCREMENT, AUTO_INCREMENT=251;

--
-- AUTO_INCREMENT for table `hoctap`
--
ALTER TABLE `hoctap`
  MODIFY `id_hoctap` int(11) NOT NULL AUTO_INCREMENT;

--
-- AUTO_INCREMENT for table `jobs`
--
ALTER TABLE `jobs`
  MODIFY `id` bigint(20) UNSIGNED NOT NULL AUTO_INCREMENT;

--
-- AUTO_INCREMENT for table `ketoan`
--
ALTER TABLE `ketoan`
  MODIFY `id_ketoan` int(11) NOT NULL AUTO_INCREMENT;

--
-- AUTO_INCREMENT for table `khoa`
--
ALTER TABLE `khoa`
  MODIFY `id_khoa` int(11) NOT NULL AUTO_INCREMENT, AUTO_INCREMENT=11;

--
-- AUTO_INCREMENT for table `login_logs`
--
ALTER TABLE `login_logs`
  MODIFY `id` bigint(20) UNSIGNED NOT NULL AUTO_INCREMENT, AUTO_INCREMENT=32;

--
-- AUTO_INCREMENT for table `lop`
--
ALTER TABLE `lop`
  MODIFY `id_lop` int(11) NOT NULL AUTO_INCREMENT, AUTO_INCREMENT=24;

--
-- AUTO_INCREMENT for table `mien_giam_hoc_phi`
--
ALTER TABLE `mien_giam_hoc_phi`
  MODIFY `id_mien_giam` int(11) NOT NULL AUTO_INCREMENT, AUTO_INCREMENT=6;

--
-- AUTO_INCREMENT for table `migrations`
--
ALTER TABLE `migrations`
  MODIFY `id` int(10) UNSIGNED NOT NULL AUTO_INCREMENT, AUTO_INCREMENT=5;

--
-- AUTO_INCREMENT for table `monhoc`
--
ALTER TABLE `monhoc`
  MODIFY `id_monhoc` int(11) NOT NULL AUTO_INCREMENT, AUTO_INCREMENT=87;

--
-- AUTO_INCREMENT for table `nguoidung`
--
ALTER TABLE `nguoidung`
  MODIFY `id_nguoidung` int(11) NOT NULL AUTO_INCREMENT, AUTO_INCREMENT=118;

--
-- AUTO_INCREMENT for table `noidungmonhoc`
--
ALTER TABLE `noidungmonhoc`
  MODIFY `id_noidung` int(11) NOT NULL AUTO_INCREMENT, AUTO_INCREMENT=21;

--
-- AUTO_INCREMENT for table `phanquyen`
--
ALTER TABLE `phanquyen`
  MODIFY `id_phanquyen` int(11) NOT NULL AUTO_INCREMENT, AUTO_INCREMENT=118;

--
-- AUTO_INCREMENT for table `phonghoc`
--
ALTER TABLE `phonghoc`
  MODIFY `id_phonghoc` int(11) NOT NULL AUTO_INCREMENT, AUTO_INCREMENT=216;

--
-- AUTO_INCREMENT for table `sinhvien`
--
ALTER TABLE `sinhvien`
  MODIFY `id_sinhvien` int(11) NOT NULL AUTO_INCREMENT, AUTO_INCREMENT=117;

--
-- AUTO_INCREMENT for table `sodutaikhoan`
--
ALTER TABLE `sodutaikhoan`
  MODIFY `id_sodutaikhoan` int(11) NOT NULL AUTO_INCREMENT, AUTO_INCREMENT=2;

--
-- AUTO_INCREMENT for table `thanhtich`
--
ALTER TABLE `thanhtich`
  MODIFY `id_thanhtich` int(11) NOT NULL AUTO_INCREMENT;

--
-- AUTO_INCREMENT for table `thanhtoan`
--
ALTER TABLE `thanhtoan`
  MODIFY `id_thanhtoan` int(11) NOT NULL AUTO_INCREMENT, AUTO_INCREMENT=21;

--
-- AUTO_INCREMENT for table `thoikhoabieu`
--
ALTER TABLE `thoikhoabieu`
  MODIFY `id_thoikhoabieu` int(11) NOT NULL AUTO_INCREMENT, AUTO_INCREMENT=446;

--
-- AUTO_INCREMENT for table `thong_bao`
--
ALTER TABLE `thong_bao`
  MODIFY `id_thongbao` int(11) NOT NULL AUTO_INCREMENT, AUTO_INCREMENT=6;

--
-- AUTO_INCREMENT for table `thuoctinhchung`
--
ALTER TABLE `thuoctinhchung`
  MODIFY `id_thuoctinh` int(11) NOT NULL AUTO_INCREMENT;

--
-- AUTO_INCREMENT for table `vaitro`
--
ALTER TABLE `vaitro`
  MODIFY `id_vaitro` int(11) NOT NULL AUTO_INCREMENT, AUTO_INCREMENT=7;

--
-- Constraints for dumped tables
--

--
-- Constraints for table `admin`
--
ALTER TABLE `admin`
  ADD CONSTRAINT `admin_ibfk_1` FOREIGN KEY (`id_nguoidung`) REFERENCES `nguoidung` (`id_nguoidung`) ON DELETE CASCADE;

--
-- Constraints for table `baihoc`
--
ALTER TABLE `baihoc`
  ADD CONSTRAINT `fk_baihoc_file` FOREIGN KEY (`id_file`) REFERENCES `file_upload` (`id_file`),
  ADD CONSTRAINT `fk_baihoc_monhoc` FOREIGN KEY (`id_monhoc`) REFERENCES `monhoc` (`id_monhoc`);

--
-- Constraints for table `chitietchuyennganh`
--
ALTER TABLE `chitietchuyennganh`
  ADD CONSTRAINT `chitietchuyennganh_ibfk_1` FOREIGN KEY (`id_chuyennganh`) REFERENCES `chuyennganh` (`id_chuyennganh`) ON DELETE CASCADE,
  ADD CONSTRAINT `chitietchuyennganh_ibfk_2` FOREIGN KEY (`id_monhoc`) REFERENCES `monhoc` (`id_monhoc`) ON DELETE CASCADE,
  ADD CONSTRAINT `fk_id_chuyennganh` FOREIGN KEY (`id_chuyennganh`) REFERENCES `chuyennganh` (`id_chuyennganh`) ON DELETE CASCADE ON UPDATE CASCADE;

--
-- Constraints for table `chitiethocphi`
--
ALTER TABLE `chitiethocphi`
  ADD CONSTRAINT `chitiethocphi_ibfk_1` FOREIGN KEY (`id_hocphi`) REFERENCES `hocphi` (`id_hocphi`) ON DELETE CASCADE,
  ADD CONSTRAINT `chitiethocphi_ibfk_2` FOREIGN KEY (`id_monhoc`) REFERENCES `monhoc` (`id_monhoc`) ON DELETE SET NULL,
  ADD CONSTRAINT `chitiethocphi_ibfk_3` FOREIGN KEY (`id_mien_giam`) REFERENCES `mien_giam_hoc_phi` (`id_mien_giam`),
  ADD CONSTRAINT `fk_id_mien_giam` FOREIGN KEY (`id_mien_giam`) REFERENCES `mien_giam_hoc_phi` (`id_mien_giam`) ON DELETE SET NULL ON UPDATE CASCADE;

--
-- Constraints for table `chitietmonhoc`
--
ALTER TABLE `chitietmonhoc`
  ADD CONSTRAINT `chitietmonhoc_ibfk_1` FOREIGN KEY (`id_monhoc`) REFERENCES `monhoc` (`id_monhoc`) ON DELETE CASCADE,
  ADD CONSTRAINT `fk_id_monhoc` FOREIGN KEY (`id_monhoc`) REFERENCES `monhoc` (`id_monhoc`) ON DELETE CASCADE ON UPDATE CASCADE;

--
-- Constraints for table `chuyennganh`
--
ALTER TABLE `chuyennganh`
  ADD CONSTRAINT `FK_chuyennganh_khoa` FOREIGN KEY (`id_khoa`) REFERENCES `khoa` (`id_khoa`) ON DELETE CASCADE;

--
-- Constraints for table `dangky`
--
ALTER TABLE `dangky`
  ADD CONSTRAINT `dangky_ibfk_1` FOREIGN KEY (`id_nguoidung`) REFERENCES `sinhvien` (`id_nguoidung`),
  ADD CONSTRAINT `dangky_ibfk_2` FOREIGN KEY (`id_monhoc`) REFERENCES `monhoc` (`id_monhoc`),
  ADD CONSTRAINT `dangky_ibfk_3` FOREIGN KEY (`id_chuyennganh`) REFERENCES `chuyennganh` (`id_chuyennganh`);

--
-- Constraints for table `diem`
--
ALTER TABLE `diem`
  ADD CONSTRAINT `diem_ibfk_1` FOREIGN KEY (`id_sinhvien`) REFERENCES `sinhvien` (`id_sinhvien`) ON DELETE CASCADE,
  ADD CONSTRAINT `diem_ibfk_2` FOREIGN KEY (`id_monhoc`) REFERENCES `monhoc` (`id_monhoc`) ON DELETE CASCADE;

--
-- Constraints for table `diemdanh`
--
ALTER TABLE `diemdanh`
  ADD CONSTRAINT `diemdanh_ibfk_1` FOREIGN KEY (`id_sinhvien`) REFERENCES `sinhvien` (`id_sinhvien`) ON DELETE CASCADE,
  ADD CONSTRAINT `diemdanh_ibfk_2` FOREIGN KEY (`id_thoikhoabieu`) REFERENCES `thoikhoabieu` (`id_thoikhoabieu`) ON DELETE CASCADE;

--
-- Constraints for table `file_nguoidung`
--
ALTER TABLE `file_nguoidung`
  ADD CONSTRAINT `file_nguoidung_ibfk_1` FOREIGN KEY (`id_nguoidung`) REFERENCES `nguoidung` (`id_nguoidung`) ON DELETE CASCADE;

--
-- Constraints for table `file_upload`
--
ALTER TABLE `file_upload`
  ADD CONSTRAINT `file_upload_ibfk_1` FOREIGN KEY (`id_chuyennganh`) REFERENCES `chuyennganh` (`id_chuyennganh`) ON DELETE CASCADE,
  ADD CONSTRAINT `file_upload_ibfk_2` FOREIGN KEY (`id_khoa`) REFERENCES `khoa` (`id_khoa`) ON DELETE CASCADE,
  ADD CONSTRAINT `file_upload_ibfk_3` FOREIGN KEY (`id_monhoc`) REFERENCES `monhoc` (`id_monhoc`) ON DELETE CASCADE,
  ADD CONSTRAINT `file_upload_ibfk_4` FOREIGN KEY (`id_lop`) REFERENCES `lop` (`id_lop`) ON DELETE CASCADE;

--
-- Constraints for table `giaovien`
--
ALTER TABLE `giaovien`
  ADD CONSTRAINT `fk_giaovien_khoa` FOREIGN KEY (`id_khoa`) REFERENCES `khoa` (`id_khoa`) ON DELETE CASCADE ON UPDATE CASCADE,
  ADD CONSTRAINT `giaovien_ibfk_1` FOREIGN KEY (`id_nguoidung`) REFERENCES `nguoidung` (`id_nguoidung`) ON DELETE CASCADE,
  ADD CONSTRAINT `giaovien_ibfk_2` FOREIGN KEY (`id_khoa`) REFERENCES `khoa` (`id_khoa`);

--
-- Constraints for table `giaovien_monhoc`
--
ALTER TABLE `giaovien_monhoc`
  ADD CONSTRAINT `giaovien_monhoc_ibfk_1` FOREIGN KEY (`id_giaovien`) REFERENCES `giaovien` (`id_giaovien`),
  ADD CONSTRAINT `giaovien_monhoc_ibfk_2` FOREIGN KEY (`id_monhoc`) REFERENCES `monhoc` (`id_monhoc`);

--
-- Constraints for table `hieutruong`
--
ALTER TABLE `hieutruong`
  ADD CONSTRAINT `hieutruong_ibfk_1` FOREIGN KEY (`id_nguoidung`) REFERENCES `nguoidung` (`id_nguoidung`) ON DELETE CASCADE;

--
-- Constraints for table `hocphi`
--
ALTER TABLE `hocphi`
  ADD CONSTRAINT `hocphi_ibfk_1` FOREIGN KEY (`id_sinhvien`) REFERENCES `sinhvien` (`id_sinhvien`) ON DELETE CASCADE;

--
-- Constraints for table `hoctap`
--
ALTER TABLE `hoctap`
  ADD CONSTRAINT `hoctap_ibfk_1` FOREIGN KEY (`id_nguoidung`) REFERENCES `nguoidung` (`id_nguoidung`),
  ADD CONSTRAINT `hoctap_ibfk_2` FOREIGN KEY (`id_monhoc`) REFERENCES `monhoc` (`id_monhoc`),
  ADD CONSTRAINT `hoctap_ibfk_3` FOREIGN KEY (`id_noidung`) REFERENCES `noidungmonhoc` (`id_noidung`);

--
-- Constraints for table `ketoan`
--
ALTER TABLE `ketoan`
  ADD CONSTRAINT `ketoan_ibfk_1` FOREIGN KEY (`id_nguoidung`) REFERENCES `nguoidung` (`id_nguoidung`) ON DELETE CASCADE;

--
-- Constraints for table `login_logs`
--
ALTER TABLE `login_logs`
  ADD CONSTRAINT `login_logs_user_id_foreign` FOREIGN KEY (`user_id`) REFERENCES `nguoidung` (`id_nguoidung`) ON DELETE CASCADE;

--
-- Constraints for table `lop`
--
ALTER TABLE `lop`
  ADD CONSTRAINT `fk_lop_chuyennganh` FOREIGN KEY (`id_chuyennganh`) REFERENCES `chuyennganh` (`id_chuyennganh`) ON DELETE CASCADE ON UPDATE CASCADE,
  ADD CONSTRAINT `lop_ibfk_1` FOREIGN KEY (`id_phonghoc`) REFERENCES `phonghoc` (`id_phonghoc`) ON DELETE SET NULL;

--
-- Constraints for table `mien_giam_hoc_phi`
--
ALTER TABLE `mien_giam_hoc_phi`
  ADD CONSTRAINT `fk_miengiam_monhoc` FOREIGN KEY (`id_monhoc`) REFERENCES `monhoc` (`id_monhoc`);

--
-- Constraints for table `monhoc`
--
ALTER TABLE `monhoc`
  ADD CONSTRAINT `monhoc_ibfk_1` FOREIGN KEY (`id_chuyennganh`) REFERENCES `chuyennganh` (`id_chuyennganh`) ON DELETE SET NULL;

--
-- Constraints for table `noidungmonhoc`
--
ALTER TABLE `noidungmonhoc`
  ADD CONSTRAINT `fk_idfile` FOREIGN KEY (`id_file`) REFERENCES `file_upload` (`id_file`) ON DELETE CASCADE ON UPDATE CASCADE,
  ADD CONSTRAINT `noidungmonhoc_ibfk_1` FOREIGN KEY (`id_monhoc`) REFERENCES `monhoc` (`id_monhoc`) ON DELETE CASCADE;

--
-- Constraints for table `phanquyen`
--
ALTER TABLE `phanquyen`
  ADD CONSTRAINT `phanquyen_ibfk_1` FOREIGN KEY (`id_nguoidung`) REFERENCES `nguoidung` (`id_nguoidung`) ON DELETE CASCADE,
  ADD CONSTRAINT `phanquyen_ibfk_2` FOREIGN KEY (`id_vaitro`) REFERENCES `vaitro` (`id_vaitro`) ON DELETE CASCADE;

--
-- Constraints for table `sinhvien`
--
ALTER TABLE `sinhvien`
  ADD CONSTRAINT `fk_id_lop` FOREIGN KEY (`id_lop`) REFERENCES `lop` (`id_lop`) ON DELETE SET NULL ON UPDATE CASCADE,
  ADD CONSTRAINT `fk_id_nguoidung` FOREIGN KEY (`id_nguoidung`) REFERENCES `nguoidung` (`id_nguoidung`) ON DELETE CASCADE ON UPDATE CASCADE,
  ADD CONSTRAINT `sinhvien_ibfk_1` FOREIGN KEY (`id_nguoidung`) REFERENCES `nguoidung` (`id_nguoidung`) ON DELETE CASCADE;

--
-- Constraints for table `thanhtich`
--
ALTER TABLE `thanhtich`
  ADD CONSTRAINT `thanhtich_ibfk_1` FOREIGN KEY (`id_sinhvien`) REFERENCES `sinhvien` (`id_sinhvien`) ON DELETE CASCADE;

--
-- Constraints for table `thanhtoan`
--
ALTER TABLE `thanhtoan`
  ADD CONSTRAINT `thanhtoan_ibfk_1` FOREIGN KEY (`id_hocphi`) REFERENCES `hocphi` (`id_hocphi`) ON DELETE CASCADE;

--
-- Constraints for table `thoikhoabieu`
--
ALTER TABLE `thoikhoabieu`
  ADD CONSTRAINT `thoikhoabieu_ibfk_1` FOREIGN KEY (`id_monhoc`) REFERENCES `monhoc` (`id_monhoc`) ON DELETE CASCADE,
  ADD CONSTRAINT `thoikhoabieu_ibfk_2` FOREIGN KEY (`id_giaovien`) REFERENCES `giaovien` (`id_giaovien`) ON DELETE CASCADE,
  ADD CONSTRAINT `thoikhoabieu_ibfk_3` FOREIGN KEY (`id_lop`) REFERENCES `lop` (`id_lop`) ON DELETE CASCADE,
  ADD CONSTRAINT `thoikhoabieu_ibfk_4` FOREIGN KEY (`id_phonghoc`) REFERENCES `phonghoc` (`id_phonghoc`) ON DELETE CASCADE;

--
-- Constraints for table `thong_bao`
--
ALTER TABLE `thong_bao`
  ADD CONSTRAINT `fk_thongbao_nguoidung` FOREIGN KEY (`id_nguoidung`) REFERENCES `nguoidung` (`id_nguoidung`);
COMMIT;

/*!40101 SET CHARACTER_SET_CLIENT=@OLD_CHARACTER_SET_CLIENT */;
/*!40101 SET CHARACTER_SET_RESULTS=@OLD_CHARACTER_SET_RESULTS */;
/*!40101 SET COLLATION_CONNECTION=@OLD_COLLATION_CONNECTION */;
